2020-09-08 03:41:09,1143213025714794496,grandcountygov,"b'RT @GrandCountyOEM: Grand County has been upgraded to a Winter Storm Warning, in effect late Monday night (midnight) thru noon on Wednesday\xe2\x80\xa6'",2,0
2020-09-01 15:21:21,1143213025714794496,grandcountygov,b'September is #nationalpreparednessmonth. National Preparedness Month is recognized to promote family and community\xe2\x80\xa6 https://t.co/mIU5R91hx9',0,1
2020-08-30 18:04:07,1143213025714794496,grandcountygov,"b'RT @GovofCO: The weather in Colorado can be unpredictable, but every day is a good day to wear a mask! https://t.co/yL3t1vZ08l'",396,0
2020-08-29 18:56:13,1143213025714794496,grandcountygov,"b'Aug. 24 Photos by Kari Greer @ Grand County, Colorado https://t.co/AW7BHGzVON'",0,1
2020-08-28 03:01:37,1143213025714794496,grandcountygov,"b'RT @CONG1860: This Colorado National Guard UH-60 Black Hawk at the Granby, CO helibase has an attached water bucket and Under order by the\xe2\x80\xa6'",12,0
2020-08-28 01:12:37,1143213025714794496,grandcountygov,b'Thank you for taking the time to come out and staying up-to-date on this incident! https://t.co/AKMQUuZ7I5',0,1
2020-08-27 00:29:22,1143213025714794496,grandcountygov,b'Today was a successful pre-planning event between multiple response agencies using a fire simulation table. \n\nThis\xe2\x80\xa6 https://t.co/jKEOMpTevt',0,3
2020-08-22 17:50:30,1143213025714794496,grandcountygov,"b'RT @COEmergency: #CameronPeakFire - 17,246 Acres | 0% Contained  https://t.co/uYM5KWCcWv\n\nState EOC - Level 2 Operations'",6,0
2020-08-22 15:43:41,1143213025714794496,grandcountygov,b'RT @cdpheapcd: Health advisories stretch from Julesburg to Durango with wildfire smoke all across Colorado.  Limit outdoor time today in th\xe2\x80\xa6',38,0
2020-08-22 15:42:44,1143213025714794496,grandcountygov,"b'RT @usfsarp: #WIlliamsForkFIre activity was moderated yesterday by favorable weather conditions. Fire now 10,288 acres. High temperatures a\xe2\x80\xa6'",5,0
2020-08-22 15:42:15,1143213025714794496,grandcountygov,b'RT @NWSBoulder: Here is the latest surface smoke forecast using the HRRRx model. Smoke from the Colorado and California fires will continue\xe2\x80\xa6',33,0
2020-08-22 15:41:45,1143213025714794496,grandcountygov,b'RT @MayorHancock: Sending a huge THANKS to the 60 members of our @Denver_Fire Department Wildland Crew for stepping up and giving a hand to\xe2\x80\xa6',24,0
2020-08-22 15:36:55,1143213025714794496,grandcountygov,"b'RT @NWSBoulder: Big picture of all the smoke affecting the western U.S. through Saturday night.  Of interesting note, some smoke gets infus\xe2\x80\xa6'",111,0
2020-08-22 15:36:06,1143213025714794496,grandcountygov,"b""RT @NWSBoulder: Hot temperatures and smoky skies today. Highs will be within a couple degrees of records (Denver's is 98\xc2\xb0F set in 1960).  A\xe2\x80\xa6""",10,0
2020-08-22 15:35:43,1143213025714794496,grandcountygov,"b""RT @NWSBoulder: We've fallen quickly into drought conditions.  What a difference a year makes! #COwx""",11,0
2020-08-22 15:35:35,1143213025714794496,grandcountygov,b'RT @DenverWater: Do your part. \n\nDenver Water\xe2\x80\x99s annual summer watering rules include suggestions about how long to run various kinds of spr\xe2\x80\xa6',3,0
2020-08-22 00:25:41,1143213025714794496,grandcountygov,"b'Video footage of the #WilliamsForkFire from Thursday, August 20, 2020. Video shows fire behavior on the southwester\xe2\x80\xa6 https://t.co/KGbOAHt76b'",1,1
2020-08-18 20:14:11,1143213025714794496,grandcountygov,b'Budget Initiative Virtual Town Hall discussion tomorrow night 6-7 pm! Please join us - registration is required. Go\xe2\x80\xa6 https://t.co/1F4OGySjDH',0,0
2020-08-18 17:23:40,1143213025714794496,grandcountygov,"b'#WilliamsForkFire morning update for Tuesday, August 18, 2020\n\nTemporary change in weather conditions help firefigh\xe2\x80\xa6 https://t.co/WaQo6bivXR'",0,2
2020-08-17 22:52:43,1143213025714794496,grandcountygov,"b'Williams Fork Fire Pre-Plan Map (link at bottom)\n\nCurrently, there are no standing evacuation orders for residentia\xe2\x80\xa6 https://t.co/wPBGLDMEJD'",2,1
2020-08-17 18:15:05,1143213025714794496,grandcountygov,b'RT @usfsarp: @WilliamsForkFire information has been updated at https://t.co/jx7lDFwsDg',10,0
2020-08-17 18:11:06,1143213025714794496,grandcountygov,"b'#WilliamsForkFire morning update for Monday, August 17, 2020\n\nSouthwest Incident Management Team #3 Assumes Command\xe2\x80\xa6 https://t.co/Mha41bhkz2'",2,2
2020-08-17 01:37:03,1143213025714794496,grandcountygov,b'Visit https://t.co/B9pUft22Ya for Williams Fork Fire Information.',0,1
2020-08-17 01:36:35,1143213025714794496,grandcountygov,b'RT @NWSBoulder: Latest smoke forecast for tonight through Monday evening.  \n#cowx #CameronPeakFire #WilliamsForkFire #cofire https://t.co/9\xe2\x80\xa6',79,0
2020-08-17 01:31:25,1143213025714794496,grandcountygov,b'Photo taken the evening of 8-15-20 on CR 53\n.\n.\n.\n#williamsforkfire #wildlandfire #wildlandfirefighting\xe2\x80\xa6 https://t.co/hKeEBqDY9m',0,1
2020-08-16 22:01:57,1143213025714794496,grandcountygov,b'Facebook Live event tonight for a Williams Fork Fire Update! https://t.co/rC0KAAZMnM',1,1
2020-08-16 17:05:32,1143213025714794496,grandcountygov,"b'Map of the closure areas. Courtesy of @forestservice @ Grand County, Colorado https://t.co/lvsGst3vKL'",0,0
2020-08-16 16:59:11,1143213025714794496,grandcountygov,"b'#WIlliamsForkFire is estimated at 6,000 acres and getting aerial mapping soon. Forest closure orders in effect west\xe2\x80\xa6 https://t.co/TNqGY6hsNx'",3,3
2020-08-16 14:51:44,1143213025714794496,grandcountygov,"b'RT @GrandCountyOEM: A CodeRED PRE-evacuation notification went out for the Aspen Canyon, Morgan Gulch, and Henderson area. Have an overnigh\xe2\x80\xa6'",15,0
2020-08-16 01:34:20,1143213025714794496,grandcountygov,"b'RT @NWSBoulder: Smoke plume with Williams Fork Fire briefly reached 40,000 ft around 5 pm.  #cowx #WilliamsForkFire https://t.co/nhwjFo0hsQ'",59,0
2020-08-15 22:07:04,1143213025714794496,grandcountygov,"b'Virtual public meeting this evening, live on the grand_county_sheriff Facebook page at 5:00 pm @ Grand County, Colo\xe2\x80\xa6 https://t.co/qx5JeUZlE1'",0,1
2020-08-15 20:52:00,1143213025714794496,grandcountygov,b'Outlook \xe2\x80\x93 \nAreas of moderate to heavy smoke have been observed across portions of northern and central Colorado due\xe2\x80\xa6 https://t.co/bpMvjUbXWq',0,0
2020-08-15 16:24:22,1143213025714794496,grandcountygov,b'Awesome time lapse of the Williams Fork Fire smoke plume seen from Fraser. Video courtesy of belovedwoodco \n.\n.\n.\xe2\x80\xa6 https://t.co/rurEwOLi37',2,4
2020-08-15 05:26:58,1143213025714794496,grandcountygov,b'Photos Courtesy of @forestservice\n.\n.\n.\n#williamsforkfire #grandcountycolorado #grandcountyco #fire #wildlandfire\xe2\x80\xa6 https://t.co/xBKc30DMos',1,2
2020-08-15 03:09:04,1143213025714794496,grandcountygov,b'8:48 pm on 8-14-2020\nEvening Update from the US Forest Service the Williams Fork Fire is approximately 1354 acres.\xe2\x80\xa6 https://t.co/DU7gbOAdvf',0,2
2020-08-14 21:32:42,1143213025714794496,grandcountygov,"b'RT @usfsarp: #WilliamsForkFire on Arapaho National Forest in Grand County now estimated at 250 acres, growing east toward Church Park. Remo\xe2\x80\xa6'",16,0
2020-08-14 19:13:19,1143213025714794496,grandcountygov,"b""RT @GrandCountyOEM: Grand County Sheriff's Office and Hot Sulphur Springs Fire are responding to a wildland fire on CR30, south of Williams\xe2\x80\xa6""",10,0
2020-08-07 15:06:39,1143213025714794496,grandcountygov,b'RT @GovofCO: Jim Halpert knows what he\xe2\x80\x99s talking about \xf0\x9f\x98\xb7\xf0\x9f\x98\xb7\xf0\x9f\x98\xb7 https://t.co/Ct7A13xJCe',133,0
2020-08-04 22:10:16,1143213025714794496,grandcountygov,b'WHY DO YOU WEAR A MASK?\n\nAmy Chamberlin wears a mask for the same reason she wears a seatbelt. \n\nWhy do you wear a\xe2\x80\xa6 https://t.co/6tF13Z4ZCg',0,1
2020-07-18 03:39:00,1143213025714794496,grandcountygov,b'RT @GrandCountyOEM: Welcome to the Weekend Grand County! Thank others (including visitors) you see who are wearing masks. Shop and promote\xe2\x80\xa6',2,0
2020-07-17 03:10:41,1143213025714794496,grandcountygov,b'RT @GovofCO: Announcing a statewide mask requirement for public indoor spaces (like stores &amp; businesses) unless someone has a medical condi\xe2\x80\xa6',1021,0
2020-07-12 20:46:07,1143213025714794496,grandcountygov,b'Just posted a photo https://t.co/wfUuPJpdnz',0,0
2020-07-12 20:43:36,1143213025714794496,grandcountygov,"b'~Mask Mandates~\nAs of July 7, 2020, both Winter Park and Fraser have signed emergency ordinances mandating masking\xe2\x80\xa6 https://t.co/j8k3EBV0Yv'",0,2
2020-07-11 00:07:07,1143213025714794496,grandcountygov,b'RT @MayorHancock: Two words. Mask up. \xf0\x9f\x98\xb7 https://t.co/ua7bDwl1kC',20,0
2020-07-04 21:48:45,1143213025714794496,grandcountygov,b'Wishing you a safe and healthy July 4th. A few things to remember this holiday weekend:\n\nPlease try not to congrega\xe2\x80\xa6 https://t.co/d9OtIPY1cM',0,1
2020-07-03 23:10:24,1143213025714794496,grandcountygov,"b'To all Grand County residents, business owners, and visitors \xe2\x80\x93 please wear a face covering when in public areas, es\xe2\x80\xa6 https://t.co/YrgGertUx5'",0,0
2020-06-10 20:47:37,1143213025714794496,grandcountygov,"b'Be on the lookout for this symbol as our COVID-19 response team will be streamlining how we update our residents, b\xe2\x80\xa6 https://t.co/2ubgHCmzXp'",0,0
2020-05-21 02:12:53,1143213025714794496,grandcountygov,b'RT @COSecofState: Attention young voters! Eligible Coloradans who will be 18 on or before the November 3rd General Election are able to vot\xe2\x80\xa6',26,0
2020-05-16 03:50:32,1143213025714794496,grandcountygov,b'RT @CBSDenver: Gov. Jared Polis Meets With President Trump To Secure Coronavirus Supplies For Colorado https://t.co/iOB8s4OZYV https://t.co\xe2\x80\xa6',6,0
2020-05-09 18:29:49,1143213025714794496,grandcountygov,"b""RT @gc_publichealth: It's all about unity https://t.co/5vqNQ54ngS""",1,0
2020-05-09 18:29:00,1143213025714794496,grandcountygov,b'RT @WinterPark: Way to dive right in! \xf0\x9f\x92\xa6\xf0\x9f\x91\x8f Watch the full videos and vote for your favorite Virtual Spring Splash entry here: https://t.co/gj\xe2\x80\xa6',3,0
2020-05-02 21:45:39,1143213025714794496,grandcountygov,b'RT @coloradogov: https://t.co/H3fABDg0Dl',18,0
2020-05-02 01:02:25,1143213025714794496,grandcountygov,b'RT @MayorHancock: The residents of the @CityofDenver  will have to get used to wearing masks for the foreseeable future. \xf0\x9f\x98\xb7 You can expect s\xe2\x80\xa6',52,0
2020-05-01 15:15:59,1143213025714794496,grandcountygov,"b'RT @GovofCO: It\xe2\x80\x99s that simple.\n\nPlease continue to stay home as much as possible, and wear cloth masks when you go out in public to protect\xe2\x80\xa6'",313,0
2020-04-28 03:00:12,1143213025714794496,grandcountygov,b'RT @gc_publichealth: Safer-At-Home Order from the State\n\nhttps://t.co/1Jpkc4jwoW',2,0
2020-04-28 02:59:50,1143213025714794496,grandcountygov,b'RT @gc_publichealth: https://t.co/prMsWw3Ly0 https://t.co/2J1gYgXDVp',1,0
2020-04-12 00:08:05,1143213025714794496,grandcountygov,"b'RT @GrandCountyOEM: Wireless Emergency Alert this morning: ""Because of the widespread presence of deadly Coronavirus, Colorado has extended\xe2\x80\xa6'",2,0
2020-03-28 03:14:02,1143213025714794496,grandcountygov,b'RT @GovofCO: \xf0\x9f\x92\x99\xf0\x9f\x92\x99\xf0\x9f\x92\x99 #DoingMyPartCO https://t.co/bdRZMKa55s',235,0
2020-03-25 15:56:42,1143213025714794496,grandcountygov,b'Tune in to @GCPublicHealth on Facebook Live today at 4 p.m. to meet our team and hear your questions get answered!\xe2\x80\xa6 https://t.co/ximqxMwoYC',0,1
2020-03-23 18:06:14,1143213025714794496,grandcountygov,b'RT @gc_publichealth: The Grand County COVID-19 Response Team is a Type 3 Incident Management Team of nearly 50 individuals from more than 1\xe2\x80\xa6',2,0
2020-03-23 18:06:03,1143213025714794496,grandcountygov,b'RT @gc_publichealth: People who are sick with this COVID-19 will infect between 2 and 3 other people.  If more than one other person gets s\xe2\x80\xa6',6,0
2020-03-18 14:09:52,1143213025714794496,grandcountygov,b'RT @GrandCountyOEM: A Winter Storm Watch is in effect from 3/18/2020 at 6 PM to 3/20/2020 at 6 AM for Grand County.',1,0
2020-03-18 14:07:55,1143213025714794496,grandcountygov,"b""RT @DarrinPeppard: #PepTalk20 it's all about mindset during this #COVID19 outbreak - leadership is essential, and your mindset will drive y\xe2\x80\xa6""",9,0
2020-03-18 02:45:57,1143213025714794496,grandcountygov,b'RT @GrandCountyOEM: FOR IMMEDIATE RELEASE\n\nGrand County Public Health received a positive test result for the Novel Coronavirus (COVID-19)\xe2\x80\xa6',4,0
2020-03-18 02:45:22,1143213025714794496,grandcountygov,b'Do you have questions about COVID-19 or Grand County\xe2\x80\x99s response? Please comment on this post with your questions an\xe2\x80\xa6 https://t.co/XG339XTZwg',0,1
2020-03-17 14:00:04,1143213025714794496,grandcountygov,b'Grand County Administrative Building and Facilities will be closed to the general public beginning today.',0,0
2020-03-16 01:40:06,1143213025714794496,grandcountygov,"b'RT @WinterPark: Thank you for your patience &amp; understanding as we suspend on-mountain operations effective today, 3/15. We have received ma\xe2\x80\xa6'",7,0
2020-03-16 01:39:28,1143213025714794496,grandcountygov,b'RT @COEmergency: #COVID19Colorado Information',6,0
2020-03-16 01:38:54,1143213025714794496,grandcountygov,b'RT @COEmergency: #COVID19Colorado Information',4,0
2020-03-15 18:10:24,1143213025714794496,grandcountygov,b'RT @nytimes: Washing your hands is one of the most important things you can do to protect yourself and others from illness. Here\xe2\x80\x99s the tech\xe2\x80\xa6',5437,0
2020-03-15 15:41:47,1143213025714794496,grandcountygov,b'RT @SummitDailyNews: Officials move toward social distancing strategies to mitigate COVID-19 spread https://t.co/CmikFv1lAs',1,0
2020-03-15 15:41:19,1143213025714794496,grandcountygov,b'RT @9NEWS: List of things canceled or postponed in Colorado due to the coronavirus https://t.co/9SjRr7Sewz https://t.co/ro8KFd62af',5,0
2020-03-15 15:40:55,1143213025714794496,grandcountygov,b'RT @CBSDenver: Coronavirus In Colorado: Gov. Jared Polis Issues Executive Order Suspending Downhill Ski Operations For 1 Week https://t.co/\xe2\x80\xa6',15,0
2020-03-15 15:40:40,1143213025714794496,grandcountygov,b'For all East And West Grand parents https://t.co/5meixFYJ4A',0,0
2020-03-15 02:22:21,1143213025714794496,grandcountygov,b'RT @9NEWS: List of things canceled or postponed in Colorado due to the coronavirus https://t.co/9SjRr7ADF1 https://t.co/Pk4CEYVVx9',6,0
2020-03-15 02:22:11,1143213025714794496,grandcountygov,b'RT @csgazette: Colorado ski resorts shut down in the face of rising coronavirus threat\n\nhttps://t.co/Bq4qyEooxB\n#covid19colorado #skicolora\xe2\x80\xa6',5,0
2020-03-15 00:50:17,1143213025714794496,grandcountygov,b'RT @GrandCoSheriff: East and West Grand School will be closed to all students starting March 16th.\n\nAfter thoughtful discussion with East G\xe2\x80\xa6',4,0
2020-03-15 00:50:10,1143213025714794496,grandcountygov,b'RT @WinterPark: Winter Park will be closed effective tomorrow. See more info here: https://t.co/4siuviE3nU',24,0
2020-03-14 03:41:07,1143213025714794496,grandcountygov,"b'RT @WinterPark: The health and safety of our guests is our top priority. Out of an abundance of caution,we have made the decision to cancel\xe2\x80\xa6'",4,0
2020-03-14 03:40:52,1143213025714794496,grandcountygov,"b'RT @GrandCoSheriff: GRAND COUNTY PUBLIC HEALTH\nCOVID-19 Update: March 13, 2020 1740hrs\n\nAs of 4:30pm, Grand County still has no confirmed p\xe2\x80\xa6'",1,0
2020-03-14 03:23:28,1143213025714794496,grandcountygov,b'RT @GrandCountyOEM: Grand County partners prepare for COVID-19 with a Table Top exercise and great discussions. https://t.co/q5iTNf9OaN',1,0
2020-03-14 03:22:55,1143213025714794496,grandcountygov,"b""RT @CDPHE: By now, you've probably heard about community spread (or transmission) of COVID-19, but it can mean a few different things. Here\xe2\x80\xa6""",37,0
2020-03-14 03:21:11,1143213025714794496,grandcountygov,b'Grand County now has a COVID-19 informational hotline that anyone can call for updates: 970-725-3755',0,1
2020-03-06 18:13:57,1143213025714794496,grandcountygov,b'Follow Grand County Public Health on our website as they keep our communities updated about the ongoing situation r\xe2\x80\xa6 https://t.co/s704gXoH5u',0,2
2020-02-21 16:03:14,1143213025714794496,grandcountygov,b'Grand County has partnered with the @uscensusbureau to ensure an accurate count in the uscensus2020. Everyone count\xe2\x80\xa6 https://t.co/8YiCZouSQA',0,0
2020-02-08 19:22:30,1143213025714794496,grandcountygov,b'Stickers are in!\n.\n.\n.\n#2020census #uscensus #uscensusbureau #everyonecounts #wecount #grandcountycounts\xe2\x80\xa6 https://t.co/lZ7G0D72SQ',0,0
2020-02-07 18:45:12,1143213025714794496,grandcountygov,b'All County offices will be closing at 1:00 p.m. to ensure the safety of our employees. We apologize for any inconve\xe2\x80\xa6 https://t.co/5xTRiK3srJ',0,0
2020-01-22 16:09:44,1143213025714794496,grandcountygov,b'Thank you to @cosecofstate for hosting Colorado Counties and ensuring our state has safe and secure elections @ Dou\xe2\x80\xa6 https://t.co/FaiYTcNfWj',0,0
2020-01-16 15:52:41,1143213025714794496,grandcountygov,b'We are humbled to honor Chief Ray Jennings and his sixteen years of service to Grand County. Thank you for your com\xe2\x80\xa6 https://t.co/CvyufzQc6M',0,0
2020-01-02 20:55:53,1143213025714794496,grandcountygov,b'Grand County Administration Building and all of Hot Sulphur Spings is currently experiencing a power outage. Please\xe2\x80\xa6 https://t.co/pbTJxznDKk',1,0
2019-11-05 17:11:33,1143213025714794496,grandcountygov,"b'It\xe2\x80\x99s Election Day, Grand County! Voting is not only our right as a people, it\xe2\x80\x99s our power. So let your voice be hea\xe2\x80\xa6 https://t.co/kMO0UzAWUZ'",0,0
2019-08-09 20:16:02,1143213025714794496,grandcountygov,"b'Construction is schedule to begin on Monday, August 12 for the County Road 8 bridge. Please visit\xe2\x80\xa6 https://t.co/z5KCuvqWzy'",0,0
2019-07-04 17:46:56,1143213025714794496,grandcountygov,"b'Happy 4th of July, Grand County!'",0,0
