2020-09-06 23:58:58,22547149,KMPHFOX26,b'The Bobcat Fire in the Los Angeles National Forest is over 1000 acres and is 0% contained. \nhttps://t.co/9LgDOXwtdf',4,6
2020-09-06 23:58:51,21762653,Rhaenspots,b'There was a USFS Fire Commander in the gas station today. Plenty of questions especially the new fire. She said ove\xe2\x80\xa6 https://t.co/bG4il9kMjY',0,2
2020-09-06 23:58:46,890966966726479874,_jessethomason_,"b""It'S OnLy DrY HeAt I exhale in a cloud of forest fire smoke as my body Shrinky Dinks into a desiccated roadside turd""",0,10
2020-09-06 23:58:45,1045527689484857344,httpcorgi,"b""so there's a forest fire near my neighborhood... ha ha i'm not Scared.""",0,0
2020-09-06 23:58:00,15704927,rickgoldstein,"b""Not as hot as LA here in #Boulder (only in the 90s), but we've got ash fall and nearly unbreathable air from the fo\xe2\x80\xa6 https://t.co/AAtK18pnbW""",0,1
2020-09-06 23:55:58,193093407,john_olson420,"b""It's forest fire smoke\nnot the smoke from the candles on my birthday cake""",0,17
2020-09-06 23:53:55,896349132,denkemarchen,"b""@cnnbrk Please take note: Creek fire is a NATIONAL forest=T's people in charge. Guess they haven't raked things up\xe2\x80\xa6 https://t.co/ruTNBADrUU""",0,1
2020-09-06 23:53:43,1022572921007611905,baderal79555612,b'@ABC The seem fire in forest of Syria but no  one talk or see it \xf0\x9f\x98\xad\xf0\x9f\x98\xad\xf0\x9f\x98\xad\xf0\x9f\x98\xad\xf0\x9f\x98\xad',0,0
2020-09-06 23:53:07,69311607,SIERRASUNTIMES,"b""Per Madera County Sheriff's Office: A Evacuation Order has been issued for Central Camp due to Creek Fire -\xe2\x80\xa6 https://t.co/CMbt2Ly49y""",12,24
2020-09-06 23:52:46,1298045283696222208,cairncrusher,"b""@WhyWhoThe_Cares @realDonaldTrump It's federal land - National Forest, managed by Trump appointees. And Trump is th\xe2\x80\xa6 https://t.co/TL0XipqQKb""",0,0
2020-09-06 23:51:34,385111652,MOzgunOzen,b'Helicopters rescue 200 trapped by fast-moving Creek Fire in Sierra National Forest https://t.co/TkXAhAp4xk',0,0
2020-09-06 23:50:21,328290773,ceellisify,b'Sitting the patio sucking in forest fire smoke when a guest arrived!! #BirdFeederJustOutOfReach https://t.co/YonMzecUtf',0,0
2020-09-06 23:49:02,9650902,kornfeind,b'More than 200 campers rescued by helicopter as Creek Fire blazes in California: What we know https://t.co/6O1pGf6WzB https://t.co/kYpDApu0Bm',0,0
2020-09-06 23:48:08,16374678,ABC7,"b'UPDATE #BobcatFire in Angeles National Forest has grown to 1,000 acres with no containment https://t.co/38cKEZKS35'",20,43
2020-09-06 23:46:27,121597316,sfchronicle,"b'""It felt like we were sitting in an oven."" \xe2\x80\x93 Some people remain trapped by the fast-growing Creek Fire, which has d\xe2\x80\xa6 https://t.co/pPwWibkyWk'",8,15
2020-09-06 23:44:10,998443507902693376,lapunjabiradio,b'Tall Plume of Smoke Rises From Fire Near Azusa  A tall plume of smoking is rising from a brush fire in the Azusa ar\xe2\x80\xa6 https://t.co/LNKJJbEl7D',0,1
2020-09-06 23:44:00,14951620,deanerimerman,"b'@Weather_West @pyrogeog High Forest mortality/deadwood is normal in forest ecosystems&amp;dead wood, once it rots, hold\xe2\x80\xa6 https://t.co/vLveOFcrAc'",1,4
2020-09-06 23:40:45,81738860,haleykscissors,b'Just another red flag in a forest fire of red flags. But still. https://t.co/pN1Jui4GSN',1,3
2020-09-06 23:38:12,1289688139938828289,beanwastaken1,"b'so my sister and i are \xe2\x80\x9cspeed running\xe2\x80\x9d minecraft and i am a sapnap simp, aka i love arson so i might have set a for\xe2\x80\xa6 https://t.co/sjaT7K1fyc'",0,2
2020-09-06 23:36:41,1237509471192170496,saint__kw,"b'meet me at midnight \nin the forest of my dreams,\nwe will make a fire\nand count the stars that shimmer \nabove the tr\xe2\x80\xa6 https://t.co/7ZslpylXrA'",0,0
2020-09-06 23:34:41,280110910,oonasez,"b'@ThomboyD We have several forest fires burning in CO. One took off again this weekend due to heat and wind, 35,000\xe2\x80\xa6 https://t.co/lFgLz5vUdc'",0,1
2020-09-06 23:29:02,73262074,VCNnews,b'Creek Fire: Helicopters rescue dozens of trapped California campers: Some of the people trapped at a reservoir in C\xe2\x80\xa6 https://t.co/ISmlSBRlqq',0,2
2020-09-06 23:26:47,998343154553286657,TheDarkTao,b'@jb_hoefs @reidsweeney @Kenny_Sowellfan @brithume @DonLuskin There was no China travel ban. Travel from China was r\xe2\x80\xa6 https://t.co/2jpaFzm7Y5',0,0
2020-09-06 23:25:58,47062369,LombardiHimself,b'The fire is moving absurdly fast because the forest hasn\xe2\x80\x99t been raked in years. If only many had listened to Trump\xe2\x80\xa6 https://t.co/xWr6aenLGE',13,143
2020-09-06 23:23:39,1268903915837247498,DeliaMe77613180,b'@GeorgeTVTHEFAM Prayers on the way . We are with fire here Sequoia national Forest in California',0,1
2020-09-06 23:23:02,1362300080,8McQueens,"b'@rnassau7 @HonorBalance @bbfires #ElDorado fire heading down / north from Yucaipa ridge, towards Mountain Home Vill\xe2\x80\xa6 https://t.co/04rtr7T2Dp'",1,3
2020-09-06 23:22:32,965418112924487680,josegogo212,b'Brush fire burning in Angeles National Forest north of Monrovia https://t.co/QMneU2sWUM https://t.co/objc9JvPot',0,0
2020-09-06 23:22:00,50198418,lorraine123456,b'Brush fire burning in Angeles National Forest north of Monrovia - Los Angeles Times https://t.co/ACVlHKmYfx',0,0
2020-09-06 23:20:22,1011963421372436480,scotnews_edits,b'Emergency crews tackling forest fire in Moray | Press and Journal https://t.co/FmrlmUizkP https://t.co/Vjsick1ELM',0,0
2020-09-06 23:20:08,21715734,Polychromantics,b'We just went for a jolly walk in the forest which is far less spoopy in the daylight. I made two (2) unappreciated\xe2\x80\xa6 https://t.co/dN8AhrYfYJ',0,1
2020-09-06 23:19:45,69311607,SIERRASUNTIMES,"b""Update: 4:15 P.M. Per Madera County Sheriff's Office: A Evacuation Warning has been issued for Bass Lake Basin and\xe2\x80\xa6 https://t.co/iiCNiMVAha""",2,7
2020-09-06 23:19:10,1899275323,LuzanoB,b'More than 200 people rescued as California wildfires trap campers in Sierra National Forest https://t.co/B7vmjxnc7n',0,0
2020-09-06 23:17:14,1006960540067848192,BobChiro,b'@KyleClark @CNN Witnessing and experiencing the ramifications of these yearly forest fires I think it\xe2\x80\x99s time to req\xe2\x80\xa6 https://t.co/pCsgl7hdWm',0,1
2020-09-06 23:16:02,880486026115915776,mikeAtMidpush,"b'@VintageRedwyne @markmatthieu @FresnoBee Raking is the wrong term\n\nbut fire breaks, using the lumber to make houses\xe2\x80\xa6 https://t.co/ucAeQ6KuLy'",0,0
2020-09-06 23:15:37,880486026115915776,mikeAtMidpush,"b""@Jay05430795 @FresnoBee Raking is the wrong term\n\nbut fire breaks, using the lumber to make houses makes sense\n\nI'm\xe2\x80\xa6 https://t.co/QXu7922XOP""",0,0
2020-09-06 23:15:00,13657922,DMRegister,b'About 20-30 people suffered injuries and several were severely hurt after more than 200 people were rescued via hel\xe2\x80\xa6 https://t.co/VJr5jSEBvK',1,2
2020-09-06 23:14:49,19036505,keslerrr,"b""The next time I hear someone say the coldest winter they ever spent was summer in San Francisco, I'm going to throw them in a forest fire""",8,40
2020-09-06 23:12:57,536934496,IBChemistryHLBo,"b'E1.1.2 Particulate=Break up of Solid, Combust Fossil Fuel, Voltaic Active, Forest Fire, Biological VOC=Petroleum, CH4 Bacteria Decomposition'",0,0
2020-09-06 23:10:38,74560088,CONKJR,b'Brush fire burning in Angeles National Forest north of Monrovia https://t.co/B5T9BhOGNo',0,0
2020-09-06 23:10:14,768218268897206272,TheScottLove,b'Who is working on life saving robotic fire fighting systems and autonomous forest management vehicles and drones?\xe2\x80\xa6 https://t.co/XmMwJKRe1q',2,2
2020-09-06 23:09:47,2187906247,Weather_West,"b'@pyrogeog Yes, this heatwave but also antecedent record heat earlier this summer, plus long-term warming trend! Unf\xe2\x80\xa6 https://t.co/BgaKoSPaoL'",1,15
2020-09-06 23:09:43,988369256,uswpam11,"b'Since the last big fire in Yosemite, the National Park Service has been conducting prescribed burns all over the pa\xe2\x80\xa6 https://t.co/XTrJTG34Uw'",0,0
2020-09-06 23:07:57,27612756,callate_culero,b'imagine being responsible for a forest fire like fuck u',0,0
2020-09-06 23:06:34,17893011,sarahskiles,b'It\xe2\x80\x99s 111F and Angeles National Forest is on fire. \n\nCrying for the trees and the wildlife that called them home.',2,16
2020-09-06 23:06:27,2931656979,RealBeauBennett,"b'@blkahn Dang, maybe if he\'d spent more time ""Raking the forest"" he\'d have less fear of fire. El Trumpo sez we need to rake more, so . . .'",0,3
2020-09-06 23:06:24,550482343,JaredDahlAldern,"b'It\xe2\x80\x99s burning down to the shore at Shaver now, through relatively healthy forest on @SCE land. From what I can see i\xe2\x80\xa6 https://t.co/Y4Phqx2z22'",10,30
2020-09-06 23:05:05,1219407739,NatureArticles,b'Mojave Desert fire in August destroyed the heart of a beloved Joshua tree forest \xe2\x80\x94 The wildfire burned one of the w\xe2\x80\xa6 https://t.co/QFt4Gy3bBk',0,1
2020-09-06 23:05:01,608487187,michaelmc_14,b'Went on fun hike but got evacuated cause of a forest fire that started right by the trail \xe2\x9c\xa8',0,7
2020-09-06 23:03:54,909558377067380736,dymerski_samuel,"b'New forest fire in CO. Because fuck it, nobody gives a shit out here.'",0,2
2020-09-06 23:03:47,69311607,SIERRASUNTIMES,"b""Update: 4:00 P.M. Per Mariposa County Sheriff's Office: Creek Fire - Fire Advisement for Fish Camp #CreekFire\nhttps://t.co/8I1yFdwQ2j""",2,0
2020-09-06 23:03:04,13115682,azcentral,b'More than 200 campers rescued by helicopter as Creek Fire blazes in California: What we know https://t.co/ZL7LSZjdz0',4,7
2020-09-06 23:01:17,2929234196,onethingright13,b'I don\xe2\x80\x99t understand how Azusa can just keep burning. It\xe2\x80\x99s literally like always on fire every year sometimes multipl\xe2\x80\xa6 https://t.co/fU8zS8xPaz',0,2
2020-09-06 23:01:01,24928809,CBSLA,b'#BobcatFire Update: Fire crews said they were experiencing erratic fire behavior. https://t.co/bwC2je8iIl https://t.co/QAeLngoXF4',5,14
2020-09-06 23:00:44,180159310,LeapingRobot,"b""It's 95 deg outside now, there's a giant forest fire nearby, ash is falling from the sky, and this is the predicted\xe2\x80\xa6 https://t.co/HA7sd8YFQP""",2,4
2020-09-06 22:59:48,20369095,SaintRPh,b'\xe2\x80\x9cThere a forest fire in my pants\xe2\x80\x9d https://t.co/zq0vr6hSdx',22,187
2020-09-06 22:59:14,69311607,SIERRASUNTIMES,"b""Creek Fire Update: 3:55 P.M. Per Fresno County Sheriff's Office: New Evacuation Orders  #CreekFire\nhttps://t.co/8I1yFdwQ2j""",1,2
2020-09-06 22:58:35,14236288,mdusing,b'So much ash in the air. Colorado forest fires are raging. \n\nhttps://t.co/sEXnm1wRwQ https://t.co/6GDFJk0O22',0,2
2020-09-06 22:57:48,16374678,ABC7,"b'UPDATE: Raging #BobcatFire in Angeles National Forest has burned more than 500 acres, fire officials say https://t.co/Lb0V5aiIz0'",36,59
2020-09-06 22:57:08,1272572331857084416,givenoshita,b'@_kiiyoko // thanks kiyo &lt;3 there is a forest fire where I live :((',0,0
2020-09-06 22:56:28,3574939532,mamahulksmash,"b'Breakups, no matter how amicable, just hit different amid raging forest fire and civil war.'",0,6
2020-09-06 22:55:21,105562852,DynamiteTravel,b'More than 200 campers rescued by helicopter as Creek Fire blazes in California: What we know https://t.co/RU3eNb022s',0,0
2020-09-06 22:52:50,321546663,DesNatlForest,"b'Effective immediately, the Sisters Ranger District on the Deschutes National Forest is implementing an increased ar\xe2\x80\xa6 https://t.co/WPGBiRQfRy'",13,13
2020-09-06 22:52:50,24959025,bakersfieldnow,"b'A wildfire in the Los Angeles National Forest began just before 1 p.m. Sunday, so far the fire is around 500 acres\xe2\x80\xa6 https://t.co/Dong2PZlm2'",2,3
2020-09-06 22:52:28,133025738,NIFGALERTS,"b'Mabas24 East Hazel Crest Fire *Still Alarm*\nFire in the laundry room 17200 blk. Forest Way, HfdTrk28 &amp; the group ha\xe2\x80\xa6 https://t.co/M1xEWwqjxc'",0,3
2020-09-06 22:51:20,2977221877,suddenoaklife,"b'@pyrogeog Photo taken last month, near the #CreekFire. Climate change + a century of forest neglect = catastrophic\xe2\x80\xa6 https://t.co/vHtBRo2vba'",2,13
2020-09-06 22:49:41,4871418692,julieblue917,"b""@mylovliving Well, maybe some forest management would help to mitigate the fire season a bit...so we don't have thi\xe2\x80\xa6 https://t.co/m3d1DHDIVQ""",0,1
2020-09-06 22:48:36,70710789,TheCityofLCF,"b'A brush fire has erupted in the Angeles National Forest north of Azusa. According to @Angeles_NF, the ""Bobcat Fire""\xe2\x80\xa6 https://t.co/fAHI06yB4D'",0,4
2020-09-06 22:48:28,3955027154,oakleysuburbs,b'@DaDreamer23 @MarlalalalaPFFT @KamalaHarris @BarackObama @JoeBiden The Forrestal aircraft carrier is nicknamed the\xe2\x80\xa6 https://t.co/OY79BoppQI',0,0
2020-09-06 22:47:47,1224817707960410118,jamie_thompkins,"b'Only in America could there be in different parts of the country .a huge forest fire ,a earthquake , tornado and a Hurricane .'",0,2
2020-09-06 22:47:31,43500616,SafetyASAP,b'Over 200 rescued by military helicopters in California fire https://t.co/88dx4SDfXR via @CBSNews',0,0
2020-09-06 22:46:43,2732302721,FUdmir,b'@HamAlis @CznBurak @alikeskin_tr I think forest fire',0,0
2020-09-06 22:46:13,954439694674116608,Penalope_Roses,"b'@FresnoSheriff @justinsacher @FresnoCoFire @R5_Fire_News My God, the entire forest is lit. This is not good. Please\xe2\x80\xa6 https://t.co/LDPUdq0yyQ'",0,4
2020-09-06 22:45:11,166331983,jenicaeynnw,"b'when really it\xe2\x80\x99s because there is a 35,000 acre forest fire about an hour away \xe2\x98\xb9\xef\xb8\x8f'",0,0
2020-09-06 22:45:05,396822161,ThielmanJason,b'@40FiveNorth Yeah it is on fire and your suggesting signing an international climate agreement as a solution rather\xe2\x80\xa6 https://t.co/eMe5puqdTL',0,0
2020-09-06 22:44:57,15412237,madore,b'Bobcat Fire: 500-acre blaze rapidly spreading in Angeles National Forest near Azusa; structures threatened | KTLA https://t.co/FUpgr6tjyq',0,1
2020-09-06 22:44:24,22988702,AAronL1968,b'Bobcat Fire: 500-acre blaze rapidly spreading in Angeles National Forest near Azusa; structures threatened https://t.co/aCnbUZvGtW',0,0
2020-09-06 22:43:15,177990766,lpbreva,b'A clearsighted fire hydrant sighted in a forest https://t.co/hqqy3j2eg1',0,0
2020-09-06 22:42:09,1605100358,NubianThinker,b'Who the hell camping in the middle of a historic heatwave in a fire-prone forest that was forecasted days ahead?? A\xe2\x80\xa6 https://t.co/y4WdNZC175',0,0
2020-09-06 22:41:02,769551572246278144,Stockleholm,b'The forest-fire 40 miles away is producing so much smoke it looks like a Cumulonimbus Cloud. https://t.co/GB4wwbZLnF',0,1
2020-09-06 22:40:54,34560347,angelasfeathers,b'Mojave Desert fire destroyed the heart of Joshua Tree forest - Los Angeles Times https://t.co/o1PnlgUMLA',0,1
2020-09-06 22:40:00,15896162,NEWS9,b'Over 200 people were rescued by National Guard helicopters on Saturday and Sunday as the fast-moving Creek Fire mov\xe2\x80\xa6 https://t.co/c2qOrlVw7t',3,9
2020-09-06 22:40:00,15165450,NewsOn6,b'Over 200 people were rescued by National Guard helicopters on Saturday and Sunday as the fast-moving Creek Fire mov\xe2\x80\xa6 https://t.co/m2IlYQ2LNh',0,6
2020-09-06 22:39:39,49334899,erwyzz,"b'Mojave Desert fire destroyed the heart of Joshua Tree forest, burned more than 1.3 million Joshua trees - Los Angel\xe2\x80\xa6 https://t.co/ClNwD7n8wP'",1,0
2020-09-06 22:39:17,1236004307495014400,BFG19714,"b""@ZoeCongress2020 Good luck in November. \n\nMake America Rake Again: Finland baffled by Trump's forest fire raking cl\xe2\x80\xa6 https://t.co/BXcMp4fOFL""",0,1
2020-09-06 22:37:18,624413,MarketWatch,"b'\xe2\x80\x9cA backpacking trip cut short by unforeseen thunder, ash rain, and having to drive through literal fire to evacuate\xe2\x80\xa6 https://t.co/riy8yjQGKM'",17,28
2020-09-06 22:37:00,100534368,DavidLWindt,"b'This is what the #ClimateCrisis looks like in the #US right now.\n\nThe #DomeFire ""burned more than 1.3 million Joshu\xe2\x80\xa6 https://t.co/al59GpIRCS'",2,3
2020-09-06 22:36:58,1246847844767666176,roriluvity,b'baby really hurt me\ncrying in the taxi\nhe dont wanna know me\nsays he made the big mistake of dancing in my storm\nsa\xe2\x80\xa6 https://t.co/vs9tv54GJP',0,2
2020-09-06 22:35:50,9648652,FOXLA,b'UPDATE: The Bobcat Fire has burned approximately 500 acres. State Route 39 is closed in both directions at El Encan\xe2\x80\xa6 https://t.co/iWjByVKXX9',4,9
2020-09-06 22:34:59,16068894,bexone,b'@SharksAvsDevils @jessiemae \xe2\x80\x9cWe\xe2\x80\x99re in a completely unprecedented fire season *already* and we\xe2\x80\x99re still getting ligh\xe2\x80\xa6 https://t.co/RHlx0rgOOg',0,1
2020-09-06 22:34:02,1020794454,kg6eek,"b'@lookner The fire above Azusa in the Angeles National Forest is not a Cal-Fire fire, but is listed on their page as the #bobcatfire'",1,1
2020-09-06 22:33:57,975038491603193857,MilanLukicLundz,"b""@RealisticPoetry The fire in the forest warms me\nThe forest warns me\nWinter is coming\nI'm collecting wood\nAs I shou\xe2\x80\xa6 https://t.co/THUGdtihbb""",0,2
2020-09-06 22:33:51,2881465338,pyrogeog,b'#CreekFire is burning in very unhealthy forest thx to fire suppression and recent drought. We were there 2x in the\xe2\x80\xa6 https://t.co/IDXgZoEYa7',20,60
2020-09-06 22:33:06,2326287656,hellonerf,"b""It's true\nMy wife is tired of hearing about forest fire prevention from me. https://t.co/atqMdmsLOK""",0,1
2020-09-06 22:33:02,313690099,COMB55,"b""@SharkGoddess @BetteMidler @MattEIce913 Don't you get it? They shouldn't have been there in the first place. It's l\xe2\x80\xa6 https://t.co/jbdX9gpdWF""",0,0
2020-09-06 22:32:54,1695395268,lerob_ts,b'@desukidesu I don\xe2\x80\x99t know what he\xe2\x80\x99s so worried about all the time.  Looks to me like Smokey has the equipment to tak\xe2\x80\xa6 https://t.co/W0vnVS32nG',5,421
2020-09-06 22:32:29,43934389,Sisal13,b'Mojave Desert fire in August destroyed the heart of a beloved Joshua tree forest   https://t.co/qyZhKFkomo',0,1
2020-09-06 22:32:05,1259362621800628224,FresnoStringer,b'The entire area surround Shave Lake and the city was managed by @SCE and @CAL_FIRE in December by a #RXBurn. This i\xe2\x80\xa6 https://t.co/76t6PkMyrd',0,1
2020-09-06 22:30:48,826206706506092548,Lyngvie1,b'Brush fire burning in Angeles National Forest north of Monrovia\n\nThe #Bobcatfire started shortly after noon Sunday\xe2\x80\xa6 https://t.co/DcxicXUNQW',1,0
2020-09-06 22:30:25,761756733731516417,ZAQSNews,"b'United States - Wildfires, excessive heat and maybe blackouts in California - The fire trapped campers Saturday at\xe2\x80\xa6 https://t.co/4opeKqYmAs'",0,0
2020-09-06 22:29:00,24920395,wjz,"b'A three-alarm blaze destroyed an Eastern Shore business Saturday night and caused millions of dollars in damage, th\xe2\x80\xa6 https://t.co/h2efaSaqcO'",0,2
2020-09-06 22:27:29,1075127557710856198,tubepacshaker,"b'There is now ash falling from the forest fire, why must 2020 be the absolute worst?'",1,3
2020-09-06 22:27:04,5392522,NPR,"b'An estimated 45,000 acres are burning in Fresno County, where more than 200 people were rescued overnight as milita\xe2\x80\xa6 https://t.co/mj4JwlgH6L'",116,259
2020-09-06 22:26:09,975038491603193857,MilanLukicLundz,"b""The fire in the forest warms me\nThe forest warns me\nWinter is coming\nI'm collecting wood\nAs I should\nI kindle the f\xe2\x80\xa6 https://t.co/iFfDvL0zlX""",0,1
2020-09-06 22:24:46,1192634796377133056,SharksAvsDevils,b'@jessiemae They had to helicopter out over 150 campers in national forest land because the fire cut off the only way out.',0,1
2020-09-06 22:24:22,17150442,bbfires,"b""@barkflight @ChicagoMikeSD @CalDisasters Actually,  I was wrong. Chantry Flat isn't that far north of Arcadia/Sierr\xe2\x80\xa6 https://t.co/mUCz3HVaiK""",0,1
2020-09-06 22:24:12,3634279153,unclemeridith,b'@SweetBrown_Shug I saw this on my drive from Inyo National forest and it was over a fire on the other side of the m\xe2\x80\xa6 https://t.co/ubxeOaDCXZ',1,6
2020-09-06 22:23:20,16261627,KCBSRadio,b'#VIDEO: Families who were camping in the Sierra National Forest had a terrifying experience when the massive\xe2\x80\xa6 https://t.co/cKOqv1aV40',7,7
2020-09-06 22:23:07,168171522,JanetAnscombe,b'DGSE raises forest fire risk alert from 8am as heat and atmospheric instability set to arrive https://t.co/hHl7GwTwiE',0,1
2020-09-06 22:21:01,1490662254,CalimesaNewsMir,"b'The El Dorado Fire has burned 3,010 acres\xc2\xa0and\xc2\xa05%\xc2\xa0contained as of\xc2\xa02:38 p.m. Sept. 6. According to a press release fr\xe2\x80\xa6 https://t.co/V4H701g9ap'",3,2
2020-09-06 22:20:02,48817182,CSAC_Counties,"b'Latest information on the #CreekFire in #FresnoCounty: 46,500 acres burned, 0% contained. More than 200 people resc\xe2\x80\xa6 https://t.co/mf7b0W6Jek'",1,1
2020-09-06 22:17:55,343563202,1865andy,b'@Theleaguemag No Forest fixture. Was this because of the Main Stand fire?',0,0
2020-09-06 22:17:17,241604859,MAK7591,"b'While we are all very hot, please have lots of kind thoughts for the Firefighters busting ass across the state in t\xe2\x80\xa6 https://t.co/4nfioC1zqU'",1,1
2020-09-06 22:16:24,1210062752175181826,BrandySahni,"b'""Smoke rose from the top of Cima Dome, marking the start of a wildfire that would ravage the heart of one of the wo\xe2\x80\xa6 https://t.co/QE4zQufaKH'",0,2
2020-09-06 22:16:24,1266372215995396097,MW79500889,"b'Forest fire smoke settled in the valley.\n\xe2\x80\x94- Yosemite National Park, California\n\n#yosemite #valley #california\xe2\x80\xa6 https://t.co/MhieHIeGo2'",1,5
2020-09-06 22:15:54,357026561,SamehElatfy,b'Helicopters rescue 200 trapped by fast-moving Creek Fire in Sierra National Forest - https://t.co/3xLD8jfXUF https://t.co/LMEuCtYZYk',0,0
2020-09-06 22:15:25,2850617054,KSchafferPhoto,b'Mojave Desert fire in August destroyed the heart of a beloved Joshua tree forest \n\nWildfire burned one of the world\xe2\x80\xa6 https://t.co/mFGm19qjt3',0,0
2020-09-06 22:15:07,1094306320545529856,MckinneyRufous,"b'Why was the Sierra Nevada open Labor Day Weekend, during extreme weather?\n\nSTUPID.  Another fire explodes in the Si\xe2\x80\xa6 https://t.co/ZP2tWNsTCX'",0,0
2020-09-06 22:14:53,1226290257831890944,MikeWurtz3,b'Brush fire burning in Angeles National Forest north of Monrovia https://t.co/ANl3iBA7I0 From sumwon whom erupted losing political capital?',0,0
2020-09-06 22:13:07,28785486,ABC,"b""ESCAPING THE FLAMES: Motorists forced to flee fast-moving wildfire in California's Sierra National Forest.\n\nThe so-\xe2\x80\xa6 https://t.co/ddFcbwh2sD""",650,944
2020-09-06 22:13:01,213466282,CapRadioNews,b'More than 200 people were rescued overnight as military helicopters transported hikers stranded by the Creek Fire i\xe2\x80\xa6 https://t.co/ljqadcc0D0',1,2
2020-09-06 22:11:39,60278683,BigJackTheChamp,b'@NickPonticello Forest Fire',0,0
2020-09-06 22:10:44,1061336654453960704,thunders_f,"b'@CALFIRECZU From what I can see on the fire maps, most of that forest is your responsibility to manage, Hoss.'",0,0
2020-09-06 22:10:28,10252962,KTLA,"b'Update: The #BobcatFire is now at 500 acres and firefighters are seeing ""erratic fire behavior,"" officials said\nhttps://t.co/NvGzvE8tzB'",22,55
2020-09-06 22:09:28,1061314598593269761,camzraeken,"b'@kylescentrist @kylediamont @joshbeauchamp So, I love when you share a song with us. Earlier this year, you recomme\xe2\x80\xa6 https://t.co/qJj2hBx3j1'",10,13
2020-09-06 22:07:16,1159952846,hiddenfatkid,b'@Curlykaay This @J3FE_ he got a six pack and saved my family from a raging forest fire. Thanks for your service bro.',0,1
2020-09-06 22:06:14,21825492,KateCagle,b'Right now more than 500 men and women are out there in 100+ degree temps trying to get the #ElDoradoFire under cont\xe2\x80\xa6 https://t.co/B8DpBxHvuo',7,21
2020-09-06 22:05:38,1529448486,Jeff_MFT,b'@HPluckrose People will always make assumptions about your beliefs. Trying to fend them off is like fighting a fore\xe2\x80\xa6 https://t.co/UYPIWpjE4c',0,0
2020-09-06 22:03:25,1286008127641485313,MartiansGame,"b""@CyberKnightsRPG @timdenee Definitely. We're trying to figure out how to introduce the player to the perils of fire\xe2\x80\xa6 https://t.co/bhqm9PgLk2""",0,2
2020-09-06 22:03:15,16664681,latimes,b'\xe2\x80\x9cI lost the center of my world last week. I\xe2\x80\x99m feeling a kind of vertigo of the soul.\xe2\x80\x9d https://t.co/MoUbkLIIVd',79,138
2020-09-06 22:01:24,1272501466037661696,DeplorableSte12,b'@MarkDice I would say I wish it spread like a forest fire in that crowd but I don\xe2\x80\x99t want to be suspended again.  Pe\xe2\x80\xa6 https://t.co/vSb9IL6C4f',0,0
2020-09-06 22:01:02,284742679,ubnm,b'More than 200 campers rescued by helicopter as Creek Fire blazes in California: What we know\xe2\x80\xa6 https://t.co/dJXJs78bHf',0,0
2020-09-06 22:00:50,769592754280071169,diazhostess,"b'Azusa, suburb of Los Angeles:\nBobcat Fire: 200-acre blaze rapidly spreading in Angeles National Forest near Azusa;\xe2\x80\xa6 https://t.co/QENwMkMM76'",0,0
2020-09-06 22:00:47,1242797631786516480,doodoobase,b'@DoctorYasmin Long article to simply say that the State of California only controls 3% of forested land in Cali. Ha\xe2\x80\xa6 https://t.co/UB55SCDwWT',0,0
2020-09-06 22:00:37,1285534230328553472,FarmingOn,b'Mojave Desert fire in August destroyed the heart of a beloved Joshua tree forest   https://t.co/GO8kKucYWH',0,0
2020-09-06 22:00:09,798294124445179904,mjcelletti,b'Mojave Desert fire in August destroyed the heart of a beloved Joshua tree forest - Los Angeles Times https://t.co/M51hQHtFJ6',0,0
2020-09-06 22:00:00,14592409,WAFB,"b'The campers, numbering about 150, were told to shelter in place until fire crews, aided by water-dropping aircraft,\xe2\x80\xa6 https://t.co/W4G6RXoBkR'",0,0
2020-09-06 21:59:55,1069029490070708224,Star_jpeg,b'//Irk.. Forest fire smoke. Again.',0,0
2020-09-06 21:59:27,1239370474506854400,TomHuff86387356,"b""@SuzyQCheese @tuftakilme @CIRA_CSU @StephanieAbrams CA is the only state with Canyons? Sorry didn't know that. I'm\xe2\x80\xa6 https://t.co/pPXCYXQ6uU""",0,1
2020-09-06 21:58:47,841665690,JazDodgerUteGal,b'@UteFanDan @inkedtater Smitty is a 100 times braver than me! His forest fire sleeve was probably a lot harder than\xe2\x80\xa6 https://t.co/siuQ1f9ETh',0,1
2020-09-06 21:58:43,19415444,PasStarNews,b'Fire in northern Azusa scorches at least 200 acres in Angeles National Forest https://t.co/tfMXutjYSc',0,2
2020-09-06 21:58:43,717466226453118976,StewartTVNews,b'Brush fire burning in Angeles National Forest north of Monrovia - Los Angeles Times #bobcatfire \xe2\x81\xa6@CAFireScanner\xe2\x81\xa9 \xe2\x81\xa6\xe2\x80\xa6 https://t.co/jd1fC5mvFG',2,13
2020-09-06 21:57:24,550482343,JaredDahlAldern,b'Mariposa Grove will be closing to the public at 7 pm PDT.  https://t.co/hcr2MDLLat',3,4
2020-09-06 21:56:41,702783205871464448,OrionTheFoolish,b'I\xe2\x80\x99m less of a \xe2\x80\x9cmiss the forest for the trees\xe2\x80\x9d person and more of a \xe2\x80\x9cmiss the forest for the OH MY GOD EVERYTHING IS\xe2\x80\xa6 https://t.co/GdlS88jNNR',0,0
2020-09-06 21:55:00,21901715,KUTV2News,b'Over 200 people were airlifted to safety early Sunday after flames trapped them in a camping area in Sierra Nationa\xe2\x80\xa6 https://t.co/v9SwVLzRuZ',0,2
2020-09-06 21:53:55,16297118,BrandonNews8,"b'US Forest Service briefs residents on the #ValleyFire. Answering questions on fire\xe2\x80\x99s location, structures damaged a\xe2\x80\xa6 https://t.co/p2VC1kuVBT'",8,10
2020-09-06 21:53:01,1669054825,macytheamazing,b'Only you can prevent forest fires by lighting the fucking woods on fire https://t.co/FCd4MEDMw1',0,2
2020-09-06 21:52:28,280817442,4shub,b'hey you know what would be fun during a pandemic surrounded by a glut of forest fires...a gathering to set some stu\xe2\x80\xa6 https://t.co/EFao9ipEAk',0,2
2020-09-06 21:52:23,1046360663457779712,kth4art,b'@dobrojdobroj @cosmicbutnot te\xc5\x9fekk\xc3\xbcr ederim \n\nbrighton - forest fire\nmartin garrix &amp; troye sivan - there for you\nth\xe2\x80\xa6 https://t.co/PUkUdalbGU',0,0
2020-09-06 21:51:54,28585356,ByIanJames,"b'Helicopters rescued about 200 people who were trapped by the fast-moving fire in the Sierra National Forest,\xe2\x80\xa6 https://t.co/ypSFlnOBPl'",2,3
2020-09-06 21:50:40,14827461,shelbygrad,b'Mojave Desert fire in August destroyed the heart of a beloved Joshua tree forest. Fascinating @boxall    https://t.co/VWrEI7M0Ll',2,0
2020-09-06 21:49:33,822716540566941696,ncd4jp,b'Mojave Desert fire in August destroyed the heart of a beloved Joshua tree forest   https://t.co/NaZbR0wp4y\xe2\x80\xa6 https://t.co/VnwyHYv8Sq',0,0
2020-09-06 21:48:00,1039328319253110784,niteghoul,b'Its not big thigh girl weather. Im startin a forest fire up in this bitch \xf0\x9f\xa5\xb5 no wind. Just sheer sun and a huge FCK\xe2\x80\xa6 https://t.co/UFCH5iGShD',0,1
2020-09-06 21:45:52,1013510717926825984,Buddha_Blunted,"b""It's so hot in Colorado\nForest fire embers \nin the air\n\nBurning like ether\nMaking it feel apocalyptic\nOver here.""",1,18
2020-09-06 21:45:25,943638548523208704,spatial_anomaly,"b""It's hot as hell and I'm grilling. I don't know why I'm doing that. Also, the sky is brown from all of the forest fire smoke.""",5,64
2020-09-06 21:43:33,76811097,LovelyLoAnne,"b'So... Colorado is ablaze. Forest fire near Fort Collins, and the smoke is breathable and hazing the sky in north metro Denver. Ugh'",0,1
2020-09-06 21:43:10,113993730,RussPoulin,"b""It's hard to tell from this picture, but the sky is yellow and it looks like sunset at 3:30 in the afternoon.\nYou c\xe2\x80\xa6 https://t.co/y0caTAPVDt""",1,0
2020-09-06 21:42:57,621512591,YungBuns,b'It\xe2\x80\x99s so great that some fucking Labor Day tourist probably from Oklahoma or some shit came and lit a new forest fir\xe2\x80\xa6 https://t.co/zmxVneixcj',0,11
2020-09-06 21:38:52,733134023069818881,minarchis1,b'A great point by @HCapitalLLC regarding the precariousness of our financial markets.\n\nForest fire analogy is apt. O\xe2\x80\xa6 https://t.co/q2lEGPeuSO',0,2
2020-09-06 21:36:34,19041354,mymackie,b'Brush fire burning in Angeles National Forest north of Pasadena https://t.co/LFPiD6T9Fi',0,1
2020-09-06 21:35:11,869021259153235968,LAFireAlerts,b'Angeles National Forest. #bobcatfire. ANF advising at least 500 acres. Priority is to keep the fire from burning towards Highway 39.',6,16
2020-09-06 21:35:08,528,buzz,"b""Alright, got a build out, finally time to relax! Wait, what's this push notification? https://t.co/XztgWxNCvG""",0,3
2020-09-06 21:34:37,1362300080,8McQueens,"b'@HonorBalance @bbfires I do think the fire crested over Birch Mountain last night, and is headed downslope towards\xe2\x80\xa6 https://t.co/1ZGIpDf1g1'",0,0
2020-09-06 21:33:39,1014031976532242432,PhoenixJes,b'@WeirdCatHQ Also the CEO declared that water is not a natural good that should be given for free but always charged\xe2\x80\xa6 https://t.co/CUcbVfJtm1',0,0
2020-09-06 21:33:32,2949092680,lauramarsh70,"b""@ScaryHighlander @Rothiemurchus Terrible hope fire got put put quickly ,is beautiful forest area I've walked round\xe2\x80\xa6 https://t.co/F1Ybmcz0Ud""",1,4
2020-09-06 21:32:09,1002599994212245510,RLJnews,b'Forest Service official says Bridger Bowl Ski Area may be their best option to hold off the fire as it tries to move north.',1,1
2020-09-06 21:31:49,2112661,carol_eicher,"b'While most of the focus was on the Apple Fire to the west of me, this happened east of me. The town of Yucca Valley\xe2\x80\xa6 https://t.co/tgHjPqfYjw'",0,0
2020-09-06 21:31:09,2853605334,mackenzied_25,b'When there is a pandemic and a massive forest fire and you still refuse to wear a mask. https://t.co/aRoFVnU1vz',1,7
2020-09-06 21:31:08,15577545,scott_squires,b'Brush fire burning in Angeles National Forest north of Pasadena https://t.co/M8a81YwJHG',1,0
2020-09-06 21:30:33,4324751,starbuxman,b'https://t.co/5Tek9MMjn5 says that this forest fire pollution - so dense it grays out the near horizon - is merely \xe2\x80\x9c\xe2\x80\xa6 https://t.co/iGPu52vvqL',1,9
2020-09-06 21:30:00,36708793,GFTribune,"b'The Drumming fire, which began in the Flathead National Forest, crossed into the Helena-Lewis and Clark National Fo\xe2\x80\xa6 https://t.co/L7ehtISu8a'",4,2
2020-09-06 21:29:46,31485126,mettaCA,b'#BobcatFire https://t.co/s4zKWtRgdC\n\nhttps://t.co/PIH8Ls96Ok\n\n3rd major fire around me in the last 1-2 months. Enough already!',0,2
2020-09-06 21:29:04,70429496,Solvej_Schou,"b'FYI north of here in #Pasadena, CA. #BobcatFire  https://t.co/hHMYEoBI4z'",0,0
2020-09-06 21:28:33,162493907,TriumphantBass,"b""Also, sincerest apologies to any game I've ever called out for the fire/ice/desert/forest levels being too close to\xe2\x80\xa6 https://t.co/GxLKcINUUz""",0,2
2020-09-06 21:28:33,280350318,expolineledger,b'@Carolineoncrack Hope you\xe2\x80\x99re home now! https://t.co/5gOI5uKiR4',0,1
2020-09-06 21:28:25,79939566,MainstreamNews,b'Brush fire burning in Angeles National Forest north of Pasadena https://t.co/hSJVrbkvKC @johniadarola @AnaKasparian\xe2\x80\xa6 https://t.co/yBIs59GusZ',0,0
2020-09-06 21:28:03,509394286,SonyaChildress,b'Was just a matter of time... :( https://t.co/ouET3hdQ24',2,4
2020-09-06 21:27:57,974708869,geoffrey_mohan,b'Brush fire burning in Angeles National Forest north of Pasadena https://t.co/jYh7hpd8CR',1,0
2020-09-06 21:26:37,407523715,BirgittaMartine,b'Brush fire burning in Angeles National Forest north of Pasadena https://t.co/vUtge6Xjv6',0,0
2020-09-06 21:26:29,73506180,ItsHelenTsui,b'Thank you @brianreavis for the amazing work with @NaturalAtlas. My friends and I were in the Creek Fire and the det\xe2\x80\xa6 https://t.co/9Sx6jufXuA',0,6
2020-09-06 21:26:06,15372176,awessen,b'It\xe2\x80\x99s got a name.  Bobcat fire in Azusa near West Fork picnic area\n\n200-acre Bobcat Fire quickly spreads in Angeles National Forest',0,0
2020-09-06 21:25:52,19312573,SGVTribune,b'Fire in northern Azusa scorches at least 200 acres in Angeles National Forest https://t.co/meZyRmnowu',4,0
2020-09-06 21:25:18,4846773898,scottculkin,"b""@Jersey_Gulls I haven't seen this many aircraft on a local fire in a long time. All of the LATs and VLATs are avail\xe2\x80\xa6 https://t.co/2Re8BW5QTI""",0,1
2020-09-06 21:24:55,17057934,bballer,"b'115 in LA, hotter in outskirts, and now this: https://t.co/6At8P5lowz'",0,0
2020-09-06 21:23:52,368751986,TimDuy,"b'Indigo Lake, OR. A little hazy from the CA forest fire smoke. https://t.co/TW9y5O05tf'",3,56
2020-09-06 21:22:32,407566718,weejockmaley,"b'Brush fire burning in Angeles National Forest north of Pasadena :  Oh, Oh !  \xf0\x9f\x91\xae\xf0\x9f\x8f\xbb\xe2\x80\x8d\xe2\x99\x82\xef\xb8\x8f\xf0\x9f\x91\xa8\xf0\x9f\x8f\xbb\xe2\x80\x8d\xf0\x9f\x9a\x92 https://t.co/gplNd3fuTq'",0,0
2020-09-06 21:22:15,23451153,ubiquity75,b'@sarahdrinkwater Update: \n\nBrush fire burning in Angeles National Forest north of Pasadena https://t.co/8sVglVRl7H',0,0
2020-09-06 21:22:13,65109514,globalissuesweb,b'Brush fire burning in Angeles National Forest north of Pasadena https://t.co/Uf1XCNoe9n https://t.co/SiXn24qCzu',0,0
2020-09-06 21:22:08,1008503459790794752,SazeracNELA,b'On the worst possible day. 115\xc2\xb0 https://t.co/T9YvYjhCnE',1,2
2020-09-06 21:21:29,25377589,TVMCCA,b'Carlos Lozano: Brush fire burning in Angeles National Forest north of Pasadena  https://t.co/9prD5PSVyH',0,0
2020-09-06 21:20:22,14096102,writetoeat,"b'Pretty exciting trip so far. My 1st real in-person forest fire sighting, flames n all. Gimme a hurricane any day. https://t.co/zLET0UD3Dr'",0,0
2020-09-06 21:20:01,17036898,LANow,b'Brush fire burning in Angeles National Forest north of Pasadena https://t.co/aJs1XN8k0Y',47,57
2020-09-06 21:19:58,170554164,CalDisasters,b'Tall Plume of Smoke Rises From Fire Near Azusa\n#BobcatFire \n https://t.co/mqzMtQ0Owa',4,9
2020-09-06 21:19:39,967510257944555520,BadgerCats,b'In response to bonfires &amp; illegal fireworks &amp; douche-baggery on Ocean Beach Burning Man last night--- Shameful beha\xe2\x80\xa6 https://t.co/EZVdYJXRv0',0,0
2020-09-06 21:19:20,3975923112,JTGenome,"b'Today\xe2\x80\x99s @latimes covers the aftermath of the #DomeFire, quotes JTGP collaborator Todd Esque: \xe2\x80\x9cThat stand with that\xe2\x80\xa6 https://t.co/JH9J4bBPV6'",3,6
2020-09-06 21:18:44,41628961,kslnewsradio,"b""Here's why the U.S. Forest Service is allowing the East Fork fire in Utah's Duchesne county, to continue burning.\xe2\x80\xa6 https://t.co/XKMiQkUiYr""",1,0
2020-09-06 21:18:17,36185296,CoconinoNF,"b""That's why it's important for forest visitors here to comply with Fire Restrictions, because the need for firefight\xe2\x80\xa6 https://t.co/pN442FWMrO""",5,7
2020-09-06 21:17:20,876638032572461056,SGVNOW,"b'MOUNTAINS -\xc2\xa0The fire burning well above Duarte, now dubbed the Bobcat Fire, has scorched more than 100 acres and is\xe2\x80\xa6 https://t.co/AvRysun7KV'",0,0
2020-09-06 21:15:00,16404646,wis10,b'The fire trapped campers Saturday at a reservoir in the Sierra National Forest.  https://t.co/4uW04hbPkb',0,1
2020-09-06 21:14:43,47710288,LucianaCiolfi,"b'@emergenza24int \nA brush fire has erupted in the Angeles National Forest north of Pasadena, sending a large plume o\xe2\x80\xa6 https://t.co/PzqOkUxnWO'",0,0
2020-09-06 21:13:13,1006976306980978688,bot11763235,b'Damien Sandow the forest fire inspector is having a physical but is eaten and digested by Rachel Zoe.',0,0
2020-09-06 21:12:05,16664681,latimes,"b'The so-called Bobcat fire started about 1 p.m. Sunday near Cogswell Reservoir and has burned about 200 acres, fire\xe2\x80\xa6 https://t.co/SsUveVw5N9'",29,36
2020-09-06 21:12:04,16664681,latimes,"b'A brush fire has erupted in the Angeles National Forest north of Pasadena, sending a large plume of smoke hundreds\xe2\x80\xa6 https://t.co/HGzH7W6RAb'",356,535
2020-09-06 21:11:52,756026497438146561,rene_smoller,"b""This is the temperature outside my house today. I live in California,  you know, the place that's now constantly on\xe2\x80\xa6 https://t.co/oN0CI18AsX""",0,0
2020-09-06 21:11:33,18741652,ColoradoDOT,b'US 34 (Trail Ridge Rd) EB/WB: Road closed due to fire activity between Gore Range Overlook and County Road 20E. US\xe2\x80\xa6 https://t.co/EKLwfjDaWI',4,6
2020-09-06 21:11:02,18797518,GABBYiSACTiVE,b'Brush fire burning in Angeles National Forest north of Pasadena https://t.co/F7021AD1Mv https://t.co/j38kHJr6rb',0,0
2020-09-06 21:10:34,497583260,josieatk,b'probably gonna die of colorado forest fire smoke inhalation before anything else takes me out this year :-)',2,26
2020-09-06 21:09:36,1116353841908158464,spotted_model,b'You\xe2\x80\x99d assume this was bug collateral. But no. This is what it looks like after you drive through much of Colorado d\xe2\x80\xa6 https://t.co/o9I1BwiWqY',0,11
2020-09-06 21:07:46,73682816,Grappler50,b'Fire Angeles National Forest near Cogswell Reservoir - #BobcatFire\nMap Link: https://t.co/bzKk9YRA1j\nEvacuation Inf\xe2\x80\xa6 https://t.co/YVhZ8l2JAz',1,5
2020-09-06 21:07:35,17379685,NBCLA,b'Two Super Scoopers hammer a wildfire burning in Angeles National Forest. #BobcatFire https://t.co/55Lz8gxlbx https://t.co/xScOuD6OHN',15,54
2020-09-06 21:07:33,187046028,kismet887,"b'@ProjectLincoln @realDonaldTrump My father,  who was in the Battle of Hurtgen Forest and was in one of the first ta\xe2\x80\xa6 https://t.co/Bp6eBfENpV'",1,2
2020-09-06 21:06:42,2767736488,TheDivaShiva,b'Erruh i just saw the beginnings of a forest fire on my IG. Angelenos yall good?',0,1
2020-09-06 21:06:28,17379685,NBCLA,b'WATCH LIVE: Water dropping helicopters maneuver through thick smoke and tall flames to fight the #bobcatfire in the\xe2\x80\xa6 https://t.co/7zxABFNv6R',13,36
2020-09-06 21:05:09,1236835974610472961,SunnyDell11,"b'The Creek Fire in Central California, which grew by 600% Saturday and required 200 people be evacuated by helicopte\xe2\x80\xa6 https://t.co/5ltkwNZREF'",2,2
2020-09-06 21:05:07,98520825,bladeslapper,b'More than 200 people airlifted to safety as Creek Fire spreads in popular camping area of Sierra National Forest\xe2\x80\xa6 https://t.co/Sy6bAJQmHy',0,0
2020-09-06 21:03:46,2460145735,NOAASatellitePA,"b""UPDATE: @NOAA's #GOES17\xf0\x9f\x9b\xb0\xef\xb8\x8f has been monitoring California's #CreekFire, which grew explosively today after igniting\xe2\x80\xa6 https://t.co/Y0znqnSBRE""",208,355
2020-09-06 21:03:25,912327572410814470,JennaNoel85,"b'Run Forest Fire \xf0\x9f\x94\xa5, Run! https://t.co/ko1Oii52UU'",0,0
2020-09-06 21:03:08,16374678,ABC7,"b'UPDATE #BobcatFire has burned more than 200 acres near Cogswell Dam in Angeles National Forest, fire officials say https://t.co/MM5vuYNDcE'",27,39
2020-09-06 21:02:54,904740870817120256,CEDRdigital,"b'#LosAngeles New fire in Angeles National Forest.  If you were headed up Hwy 39 to beat the heat, please make other\xe2\x80\xa6 https://t.co/aU5re4iVjg'",2,2
2020-09-06 21:02:25,869021259153235968,LAFireAlerts,b'Angeles National Forest. Brush fire. #BobcatFire. BC2 is now staging units at Rincon fire station. East Fork Road and Highway 39.',5,7
2020-09-06 21:01:26,1204674870606471168,vahnloves,b'@RosiePosey33 I\xe2\x80\x99m so sorry. Wildfires are so unpredictable. I live by a forest / mountains and every time fire seas\xe2\x80\xa6 https://t.co/oUNVuBGTyD',0,1
2020-09-06 21:01:00,3262058249,pws_official,"b'Andre showed up to the venue more drunk than usual. He was to face Akira Maeda, a man building a reputation as some\xe2\x80\xa6 https://t.co/DW6A6t2B9K'",1,3
2020-09-06 21:00:29,60382670,BaybeeReade,b'Mojave Desert fire in August destroyed the heart of a beloved Joshua tree forest - Los Angeles Times.. https://t.co/LmbQcGj94P',1,1
2020-09-06 20:58:52,24928809,CBSLA,b'Firefighters are responding to a fast-moving brush fire burning in the Angeles National Forest. https://t.co/bwC2jepU6V',18,19
2020-09-06 20:58:29,114121395,LosAngelesPatch,b'200-Acre Brush Fire Burns In the Angeles National Forest https://t.co/NTVgXOSERw',0,0
2020-09-06 20:58:02,1273771251836780547,DeanSchwarz4,b'More than 200 airlifted to safety from California wildfire https://t.co/bcJUBdFAdr Why do these people wait till th\xe2\x80\xa6 https://t.co/Nf1YdegUrZ',0,0
2020-09-06 20:54:51,82442563,chicholmf,b'Tall Plume of Smoke Rises From Fire Near Azusa https://t.co/n9iCLFLOvK',0,1
2020-09-06 20:54:39,2805684582,galaxy_ebooks,b'Can you complain about being on your skin it would ignite a fire big enough to destroy an entire forest.',0,0
2020-09-06 20:54:11,40354506,SAGES_Updates,b'Predictable. For those of you who know L.A. this fire is in the Angeles National Forest directly behind Mt. Wilson. https://t.co/TcJUaVMaNa',0,1
2020-09-06 20:54:08,720316170016989185,WestValleySAR,"b'September 5th, 2020, at 2000hrs, West Valley Search &amp; Rescue was deployed to assist with the fast moving El Dorado\xe2\x80\xa6 https://t.co/ri4lQp9SlQ'",2,11
2020-09-06 20:53:29,720316170016989185,WestValleySAR,"b'September 5th, 2020, at 2000hrs, West Valley Search &amp; Rescue was deployed to assist with the fast moving El Dorado\xe2\x80\xa6 https://t.co/q3DIu9G5NA'",0,11
2020-09-06 20:52:56,720316170016989185,WestValleySAR,"b'September 5th, 2020, at 2000hrs, West Valley Search &amp; Rescue was deployed to assist with the fast moving El Dorado\xe2\x80\xa6 https://t.co/TOySK235OS'",1,12
2020-09-06 20:52:10,1348157246,maestro_dub,b'Fire on the Mountain: Rethinking Forest Management in the Sierra Nevada | Little Hoover Commission https://t.co/hOfd7eLEsr',0,0
2020-09-06 20:52:08,720316170016989185,WestValleySAR,"b'September 5th, 2020, at 2000hrs, West Valley Search &amp; Rescue was deployed to assist with the fast moving El Dorado\xe2\x80\xa6 https://t.co/kqOcQxKzBV'",0,8
2020-09-06 20:51:39,16428731,jamieyuccas,b'Tonight @JonVigliotti is on the fire line near the Sierra national forest. He\xe2\x80\x99ll take us inside on the weekend @CBSEveningNews.',1,2
2020-09-06 20:51:38,17379685,NBCLA,b'WATCH LIVE: A brush fire has grown to 200 acres in the Azusa area and can be seen for miles around. #bobcatfire\xe2\x80\xa6 https://t.co/IJ1kAqFxTi',170,294
2020-09-06 20:50:02,894506690,beritatweet1,b'More Than 200 People Rescued as California Wildfires Trap Campers in Sierra National Forest https://t.co/Ne4xNN6rZY',0,0
2020-09-06 20:49:50,910612046235889665,JVerdure,b'Angeles National Forest is on fire again. Third time in a month. \xf0\x9f\x98\xad #AngelesNF #Angelesnationalforest #GMR\xe2\x80\xa6 https://t.co/PdWa5XRSVa',0,0
2020-09-06 20:49:15,9648652,FOXLA,b'Firefighters are battling a 200 acre brush fire near Cogswell Dam in the Angeles National Forest.\nhttps://t.co/63JPwkMIU0',2,12
2020-09-06 20:49:02,16516027,comanchepilot,b'@KTLA Third fire up there in the Azusa canyon area this year. Second fire out near banning and forest falls.  Catch the arsonist.',0,3
2020-09-06 20:47:48,20547171,nellenz,b'This is heartbreaking. https://t.co/mZT0Hbyosu',0,0
2020-09-06 20:47:37,270816474,112canarias,b'The Department of Security and Emergencies of the Canary Islands Government declares a forest fire alert in\xe2\x80\xa6 https://t.co/iPbfNJWENe',6,11
2020-09-06 20:47:20,2661726910,wennbergcaltech,"b'Pasadena:  113F, 140 ppb ozone, &lt;250 ppt NO and, now, a big fire in the Angeles forest. 2020 is really on a roll.'",12,56
2020-09-06 20:46:46,247293595,maloym,b'Mojave Desert fire in August destroyed the heart of a beloved Joshua tree forest   @boxall https://t.co/7cxV7L85pM',0,0
2020-09-06 20:46:41,10252962,KTLA,b'BREAKING: The #BobcatFire has burned about 200 acres and is spreading rapidly in the West Fork Picnic Area of the A\xe2\x80\xa6 https://t.co/KGsbPp0H4y',54,133
2020-09-06 20:46:31,77398488,followthatband,b'Mojave Desert fire in August destroyed the heart of a beloved Joshua tree forest https://t.co/5tUvKRN9DG',0,0
2020-09-06 20:46:13,1008185437867802624,xefrainVR,"b'Nothing new, just a forest fire near my pad again. #CaliforniaHeatWave last night I could see the red flames all th\xe2\x80\xa6 https://t.co/Nxq2p2jmlR'",0,0
2020-09-06 20:46:11,772861011455979520,SGVCityWatch,b'Forest Service now has a rough estimate of 400 to 500 acres burned at the Bobcat fire above Duarte.',7,15
2020-09-06 20:45:46,2213538025,rogerbellin,"b'@ByYourLogic WATCH NOW: Green-haired SJW Aschleiegh absolutely CHOKES on polluted smoke from 500,000-acre forest fi\xe2\x80\xa6 https://t.co/mwosTDp3SV'",1,72
2020-09-06 20:45:28,1190680249979133952,Crew8LA,b'And they just keep coming! New fire on Angeles National Forest\n#BobcatFire #ANF #AngelesNationalForest #Hwy39\xe2\x80\xa6 https://t.co/ePFcNF8sYd',1,0
2020-09-06 20:45:00,6628702,chacal_lachaise,b'Mojave Desert fire in August destroyed the heart of a beloved Joshua tree forest - Wildfire burned one of the world\xe2\x80\xa6 https://t.co/rI9nrA9fxK',0,0
2020-09-06 20:44:49,4828008288,danielwaynelee0,"b'Only a quarter of the forest burned. But, seems like the Joshua Trees trees take a hit on a regular basis. \n\nhttps://t.co/qSigTG8MpU'",0,3
2020-09-06 20:43:05,1297111599828758528,BabiesFbi,"b'I could probably start a forest fire with these feelings that I have for you, my dear love.\n\n#YamyamGucong | YAMYAM\xe2\x80\xa6 https://t.co/7XQL4SHb8W'",0,0
2020-09-06 20:43:05,727316106843574272,BagalueSunab,b'Update: Fire in Angeles National Forest north of Azusa estimated at 300 acres. https://t.co/bejVopVeZA',0,0
2020-09-06 20:41:10,17379685,NBCLA,b'Update: Fire in Angeles National Forest north of Azusa estimated at 300 acres. https://t.co/68kBuDS5Hz https://t.co/DudMIHJAaS',16,26
2020-09-06 20:41:03,863769943887593473,DaveMtHood,"b""@CMcKayFL Also if there's an actual forest fire trying to put it out with the garden hose would be about the same a\xe2\x80\xa6 https://t.co/uFawm9cJnq""",0,0
2020-09-06 20:40:32,16087692,TheNewsBrian,b'A brush fire has broken out near Cogswell Dam in the #AngelesNationalForest north of #Azusa and quickly grown to 20\xe2\x80\xa6 https://t.co/WrSUv54PWI',6,11
2020-09-06 20:39:48,24928809,CBSLA,b'#BREAKINGNEWS Firefighters are responding to brush fire at West Fork Road at Cogswell Reservoir in the Angeles National Forest. More soon.',12,23
2020-09-06 20:38:06,1110210626255675392,news_redlands,"b'The El Dorado fire north of Yucaipa, which broke out at 10:30 a.m. Sunday, has burned 3,010 acres and forced evacua\xe2\x80\xa6 https://t.co/2tjcV0P1Bm'",1,0
2020-09-06 20:37:50,896271425727643649,sgvscanner,b'Tall Plume of Smoke Rises From Fire Near Azusa \xe2\x80\x93 NBC Los Angeles https://t.co/wObbxdiOoD',3,14
2020-09-06 20:37:45,845188549808836608,TexasWatchman,b'@GeorgeDunham @gordonkeith @SeanCBass @junior_miller @poponjer\nI know how the musers collectively enjoy the U2 Josh\xe2\x80\xa6 https://t.co/VrHWttI3M6',0,0
2020-09-06 20:37:35,1532470135,faygofeygele,"b""don't give me weed before noon and expect me not to show up smelling like a piney forest fire for dinner""",1,17
2020-09-06 20:36:44,993648032993312768,windfulnes_spl,b'These are not clouds. This is all forest fire smoke https://t.co/O8dETIAMB2',0,6
2020-09-06 20:36:38,1074896865534009344,AdonaiAilith,b'@StephEdge10 @sassystephj @FresnoSheriff @R5_Fire_News @FresnoCoFire I\xe2\x80\x99m sure it is burning everything. My father u\xe2\x80\xa6 https://t.co/B5cBeBqmKi',0,1
2020-09-06 20:36:29,17379685,NBCLA,b'Water-dropping helicopters refilling at a reservoir to attack fire near Azusa. Azusa.https://t.co/smQVvS2N3X https://t.co/4BfaCwjJff',4,26
2020-09-06 20:35:17,14712659,WOODTV,"b'\xe2\x80\x9cOnce the fire gets going, it creates its own weather, adding wind to increase the spread,\xe2\x80\x9d national forest spokesm\xe2\x80\xa6 https://t.co/FnHqnWnudC'",1,0
2020-09-06 20:34:52,772861011455979520,SGVCityWatch,b'FOREST SERVICE: Bobcat Fire Above Duarte Jumps to More Than 100 Acres: https://t.co/Hj8YufsNeQ https://t.co/02cIPeRUXN',2,8
2020-09-06 20:32:33,983825269554167808,StephenABC30,"b'Before the inevitable comments of ""you gotta rake the floors""...I\'ll share this report from the Little Hoover Commi\xe2\x80\xa6 https://t.co/oOa5G8t0ea'",0,3
2020-09-06 20:28:54,17062051,MzShanon,b'Every two weeks there\xe2\x80\x99s a fire up in the Angeles National Forest \xf0\x9f\x98\xa5 #bobcatfire #fire #azusa https://t.co/D2eXBvhqLx',5,18
2020-09-06 20:28:47,4135284681,CoraWaterfalls,"b'Souvenirs d\'adolescence.... ""Forest Fire (Extended Version)"" de Lloyd Cole and the Commotions sur Deezer https://t.co/TIO8HDvLqO'",0,0
2020-09-06 20:27:51,2890440150,mike_malaska,"b'Bobcat fire. Angeles National Forest.\n(Crappy pic, not gonna hashtag it.)'",0,8
2020-09-06 20:27:37,38694919,andr_w,"b""@growingwisdom It's really tough to reconcile the significant forest fire in the Arapahoe/Roosevelt National Forest\xe2\x80\xa6 https://t.co/7EL0pUObyO""",0,0
2020-09-06 20:24:22,994358203646296067,HonorBalance,b'@bbfires Hello Brent. Is this information reliable? Just wondering what it is based on.  You tweet is the only plac\xe2\x80\xa6 https://t.co/3G3eO36ehy',0,1
2020-09-06 20:24:21,1302674708068851713,alyssamortiz8,"b'Wrote a bit about the Dome fire that took about 1.8 million Joshua Trees, check it out! https://t.co/gv02p2WQ3z'",0,0
2020-09-06 20:22:50,363522073,Classicpumas,b'Angeles National Forest is on fire again.',0,0
2020-09-06 20:22:10,182076448,CesarHn95,"b'I just rode through a forest fire in Big Sur, who want me? https://t.co/AAgtgmpENV'",0,3
2020-09-06 20:21:52,755599694424748032,LLM14086755,"b'@SenKamalaHarris I was curious, although forest fires ma be a result of climate change I wanted to know if the fire\xe2\x80\xa6 https://t.co/sNsrV92Huj'",0,0
2020-09-06 20:21:19,19622848,juliewbee,"b'@m_kahn Wait, we forgot smoke from the nearby forest fire...'",0,1
2020-09-06 20:20:29,15964672,R_Owl_Mirror,b'@SenKamalaHarris @SpeakerPelosi @canislatrans @boxall @debra_hughson @CAgovernor @GavinNewsom \nMojave Desert fire i\xe2\x80\xa6 https://t.co/e944PGMWEn',0,0
2020-09-06 20:19:54,15012486,CBSNews,b'Over 200 rescued by military helicopters in California fire https://t.co/2Ikq7ON9IO',71,169
2020-09-06 20:19:26,15467750,jaclyncosgrove,"b'\xe2\x80\x9cThat stand with that many big trees was developing for thousands of years,\xe2\x80\x9d said Todd Esque, a U.S. Geological Sur\xe2\x80\xa6 https://t.co/a3hUlbHjpo'",2,1
2020-09-06 20:19:10,869021259153235968,LAFireAlerts,b'Angeles National Forest. Brush fire. #BobcatFire. Quebec 1 and Quebec 2 being added.',9,23
2020-09-06 20:18:57,3240014726,TrishasWCFireWx,b'#CreekFire\n@YosemiteNPS\nFIRE ADVISORY: Wawona residents and visitors should GET SET and prepare their home and fami\xe2\x80\xa6 https://t.co/hAxUoyAntg',11,12
2020-09-06 20:18:39,271768238,SouthPlacerFD,"b'Today, South Placer OES 380 and Task Force 4811 deployed to the #CreekFire in the Sierra National Forest / Fresno C\xe2\x80\xa6 https://t.co/r2ixHqnNCy'",1,11
2020-09-06 20:17:22,869021259153235968,LAFireAlerts,b'Angeles National Forest. Brush fire. #BobcatFire. Staging for #LACoFD units will be at East Fork and Highway 39. Using Tac V-4',10,10
2020-09-06 20:16:38,2525487661,JaneSzaboPhoto,b'@CAFireScanner Close the forest!!! It\xe2\x80\x99s extreme fire season and we don\xe2\x80\x99t need humans making this any worse.',0,5
2020-09-06 20:16:17,16374678,ABC7,b'#BREAKING Crews battling brush fire that has burned more than 10 acres near Cogswell Dam in Angeles National Forest https://t.co/iEfJjquOz2',68,147
2020-09-06 20:15:00,19819089,WALBNews10,"b'The campers, numbering about 150, were told to shelter in place until fire crews, aided by water-dropping aircraft,\xe2\x80\xa6 https://t.co/SxVomEXmni'",0,0
2020-09-06 20:15:00,43942200,ActionNewsNow,b'Check out our FIREWATCH section for all the latest on North State fires! https://t.co/SQotUVSQuc',0,1
2020-09-06 20:14:15,160089089,nutrageus,b'@Ilhan that percentage also represent the probability we ever get proper Legislation  Addressing West Coast on fire\xe2\x80\xa6 https://t.co/UGGunmWZEq',0,0
2020-09-06 20:13:59,435859679,Spain_EU_Dubai,b'Mojave Desert fire in August destroyed the heart of a beloved Joshua tree forest   https://t.co/QmGDYakpwr',0,0
2020-09-06 20:12:22,479071617,pux0r3,"b'""It\'s really dark and I\'m tired, must be evening already.""\n\nNope, it\'s midday and there\'s a forest fire. That pinpo\xe2\x80\xa6 https://t.co/dlOAGl94H2'",0,0
2020-09-06 20:11:47,7930732,yuetsu,b'.@marcmaron dude!  \xf0\x9f\x8c\xb3  \xf0\x9f\x94\xa5  \xf0\x9f\x98\xa2\nhttps://t.co/KxcArq2M6K',0,0
2020-09-06 20:10:12,23677373,tigerdevonshire,b'How Fast Can Forest Fires Spread? \n\n#fire can travel fast between 6 and 14 mph - if you can see fire. If sight is ~\xe2\x80\xa6 https://t.co/2jgPSVxALY',1,7
2020-09-06 20:10:10,37226256,RICKatFOX,b'A new fire burning in the Angeles National Forest #BobCatFire is generating a pyrocumulus cloud that can be seen fo\xe2\x80\xa6 https://t.co/Bd5woQTzGH',107,283
2020-09-06 20:08:55,847797940437561344,KladdaghReviews,"b""@klutz_n_chucks @LeslieMac @wagatwe Pretty much, there's a reason that police have different departments &amp; subdivis\xe2\x80\xa6 https://t.co/208BOwz3ad""",0,1
2020-09-06 20:08:42,902303260345753600,Gallatin_County,b'#bridgerfoothillsfire: From Custer Gallatin National Forest - a Temporary Flight Restriction is in effect for the B\xe2\x80\xa6 https://t.co/wWPOEs4NUx',15,19
2020-09-06 20:08:33,989418880069091334,lordelyricsbot,"b""She's so hard to please\nBut she's a forest fire""",1,14
2020-09-06 20:08:13,2388075212,Liveuamap,"b'In total 3 Ukrainian soldiers lost their lives today, one in attack and 2 more on Russian landmines while battling\xe2\x80\xa6 https://t.co/5Tzqd0brQi'",35,18
2020-09-06 20:07:09,16121943,maybeawriter,b'Mojave Desert fire in August destroyed the heart of a beloved Joshua tree forest   https://t.co/ua6mRrBlto',2,4
2020-09-06 20:06:59,27099892,ystoneinsider,"b'The Lone Star Fire widens to 1,500 acres after favorable weather conditions pushes new activity toward a mature, un\xe2\x80\xa6 https://t.co/cMS6iZ5xWS'",0,0
2020-09-06 20:03:52,26116928,Conqueroo1,"b'112 dry degrees in L.A\xe2\x80\x99s Cahuenga Pass today and, on the horizon, a fire seeming to emanate from the direction of F\xe2\x80\xa6 https://t.co/TAdZzN54Tt'",1,1
2020-09-06 20:00:32,528923282,wid244,"b'Check out this incident on PulsePoint\n\nVegetation Fire\n37 minutes ago by LA County FD (Div 2)\n14399 WEST FORK RD, A\xe2\x80\xa6 https://t.co/E0K13ix19r'",0,0
2020-09-06 20:00:32,625326134,davidrodrig62,b'@KTLAMorningNews See a new fire \xf0\x9f\x94\xa5 in #angeles forest now  #firebugs stop',0,0
2020-09-06 20:00:01,18391051,6abc,b'The fire trapped campers Saturday at a reservoir in the Sierra National Forest. https://t.co/wnvily5htM',2,3
2020-09-06 19:59:35,3002018138,LiziKernNews,"b""Creek Fire Update: 11:16 A.M. Per Madera County Sheriff's Office: A Evacuation Warning has been issued for From Mam\xe2\x80\xa6 https://t.co/9BuoWUBmfY""",1,2
2020-09-06 19:56:12,25787136,adria63,b'CA Wildfire Season: Reuters had a similar story in 2013. Congress was controlled by #Republicans in 2013 and 2017.\xe2\x80\xa6 https://t.co/9JHwHR4uN7',0,0
2020-09-06 19:55:57,41385649,GeertHub,b'California experienced an *eightfold* increase in summer forest-fire since the 1970s. \xf0\x9f\x94\xa5\xf0\x9f\x8c\xb2\n\nWhy?\n\n\xf0\x9f\x91\x89 Recent research s\xe2\x80\xa6 https://t.co/BjocBFcKnX',5,10
2020-09-06 19:54:11,37146345,DawnsTwit,b'Fire Angeles National Forest near Cogswell Reservoir - #BobCatFire\nMap Link: https://t.co/GZn6V9mrXL\nEvacuation Inf\xe2\x80\xa6 https://t.co/m1VTCbu25z',2,2
2020-09-06 19:54:05,21197643,mctague,b'@WY02K @Weather_West @CVGrrl @CAgovernor @KamalaHarris @SpeakerPelosi @SenFeinstein ...and the tiny particles from\xe2\x80\xa6 https://t.co/t3WoG9KYq6',0,0
2020-09-06 19:54:02,1268283355570638848,GISCorpsChrissy,b'Fire Angeles National Forest near Cogswell Reservoir - #BobCatFire\nMap Link: https://t.co/M9qtiJQCGw\nEvacuation Inf\xe2\x80\xa6 https://t.co/FGQOPQUEuz',4,7
2020-09-06 19:53:03,271608505,pjdohertygis,b'Fire Angeles National Forest near Cogswell Reservoir - #BobCatFire\nMap Link: https://t.co/PGmq9id24s\nEvacuation Inf\xe2\x80\xa6 https://t.co/TYPwGcLjzl',4,8
2020-09-06 19:52:43,896271425727643649,sgvscanner,b'BREAKING NEWS: Forest Service Orders Evacuations After Brush Fire Ignites Above Duarte \xf0\x9f\x94\xa5 https://t.co/SnnrIBCBNG',7,27
2020-09-06 19:52:34,2912990313,SeaShepherdPaul,"b""#CaliforniaBurningNews: \n' Creek Fire Traps 200 People In Sierra National Forest Before Helicopter Rescue As Blaze\xe2\x80\xa6 https://t.co/TyP9ypm1Pq""",2,4
2020-09-06 19:52:28,2612653424,amybarnhorst,b'@psychunseen Shout out to the sunshade of forest fire smoke keeping us all cool',0,1
2020-09-06 19:50:39,3309956311,hello_tooie,"b'@kari_snowmew Yeah, there is a large forest fire just on the other side of the mountains, close to where my parents live :('",0,0
2020-09-06 19:49:01,869021259153235968,LAFireAlerts,"b'Angeles National Forest. Brush fire. West Fork Rd., at Cogswell Reservoir. BC starting 4 engines and a BC for structure protection.'",6,10
2020-09-06 19:48:39,4705335097,USARebelSway,"b'America, you are playing with more than just FIRE! God is about to take California out. This is not a game, you kno\xe2\x80\xa6 https://t.co/PGju0BxOyP'",0,0
2020-09-06 19:48:06,869021259153235968,LAFireAlerts,"b'Angeles National Forest. Brush fire. West Fork Rd., at Cogswell Reservoir. LASD advising a lot of traffic on the ro\xe2\x80\xa6 https://t.co/LDgEIOFgcd'",7,16
2020-09-06 19:47:53,1242249975268020224,LadyBug67072655,b'Helicopters rescue 200 trapped by fast-moving Creek Fire in Sierra National Forest https://t.co/qd8tsNRMm1',0,0
2020-09-06 19:47:26,869021259153235968,LAFireAlerts,"b'Angeles National Forest. Brush fire. West Fork Rd., at Cogswell Reservoir. LASD on scene and reporting fire moving\xe2\x80\xa6 https://t.co/UJJbArk74M'",14,24
2020-09-06 19:46:54,772861011455979520,SGVCityWatch,b'BREAKING NEWS: Forest Service Orders Evacuations After Brush Fire Ignites Above Duarte: https://t.co/527oeEEXFZ https://t.co/9RbTvWhdiG',9,17
2020-09-06 19:45:29,869021259153235968,LAFireAlerts,"b'Angeles National Forest. Brush fire. West Fork Rd., at Cogswell Reservoir. https://t.co/OPcy99DS2P'",3,9
2020-09-06 19:44:09,3341950631,Breaking144,"b""Massive Rescue Operation Underway As Crews Battle California's Creek Fire\nAn estimated 45,000 acres are burning in\xe2\x80\xa6 https://t.co/nr5QWyns5u""",0,0
2020-09-06 19:43:48,869021259153235968,LAFireAlerts,"b'Angeles National Forest. Brush fire. West Fork Rd., at Cogswell Reservoir. https://t.co/1v9G1oscib'",2,4
2020-09-06 19:43:33,869021259153235968,LAFireAlerts,"b'Angeles National Forest. Brush fire. West Fork Rd., at Cogswell Reservoir. BC wants Helispot 97A staffed.'",3,7
2020-09-06 19:42:54,1064253209030483968,Berndog0707,b'@Nydia_lm @FresnoSheriff @FresnoCoFire @Sierra_NF I\xe2\x80\x99d imagine once they make their way down the mountain to the tur\xe2\x80\xa6 https://t.co/PvaQxZ6nxG',0,1
2020-09-06 19:42:05,294062704,PaulJorion,b'Mojave Desert fire in August destroyed the heart of a beloved Joshua tree forest   https://t.co/UJ0p0yuxrC',2,4
2020-09-06 19:42:05,869021259153235968,LAFireAlerts,"b'Angeles National Forest. Brush fire. West Fork Rd., at Cogswell Reservoir. Copter en route reports smoke showing.'",3,7
2020-09-06 19:41:52,3948178272,josedecastro21,b'@R5_Fire_News @Angeles_NF brush fire in the Angeles National Forest north of Azusa https://t.co/2TX7hP3s94',0,0
2020-09-06 19:41:52,864421260,bpugpug7,b'Thank God these people were saved by Helicopter\n\nMore than 200 campers rescued by helicopter as Creek Fire blazes i\xe2\x80\xa6 https://t.co/w19pakvh5t',0,0
2020-09-06 19:41:19,1034725458246619136,Osprey0,b'@RustyAway @_42________ @ReckedRik @bush_bushy1961 @DavidDoyle74 @novakglobal @LofayPeter @thinks_about_it\xe2\x80\xa6 https://t.co/w4H3MJxwZX',0,1
2020-09-06 19:37:50,766894710371721216,cro_crisis_mgmt,"b'@aiception4data Sure but will need more info for that, maybe best to talk via call. Maybe you could add fire season\xe2\x80\xa6 https://t.co/kEWQ8SQO5i'",0,0
2020-09-06 19:37:44,70357140,Seoidin_,b'Helicopters rescue 200 trapped by fast-moving Creek Fire in Sierra National Forest https://t.co/xDfYFJuOsN',0,0
2020-09-06 19:37:14,827937094483922944,rdargnews,"b'Then he runs into the crowd, too bad he didn\xe2\x80\x99t start a forest fire. https://t.co/QuOtnCx170'",0,0
2020-09-06 19:36:45,391702093,mtnmissy41473,b'When smoke from a nearby forest fire effects the color of daylight... #CameronPeakFire https://t.co/cr2lYS2tHB',3,11
2020-09-06 19:36:36,24139504,glengirl4dc,b'I just want to cry. Thousands of years...\nhttps://t.co/xs4qxyc1cW',0,3
2020-09-06 19:33:53,1285115133073580032,two_ponies,"b""What part of recreating in the forest during extreme fire season even makes sense? I'm glad they are okay, but I'm\xe2\x80\xa6 https://t.co/cKfLKHMWYb""",0,0
2020-09-06 19:33:30,14759279,thelaurenklein,b'Helicopters rescue 200 trapped by fast-moving Creek Fire in Sierra National Forest https://t.co/6xc7Et2B7v via @sfchronicle',0,0
2020-09-06 19:33:09,309710729,Charu8917,"b""She's the type of flower that can still grow after a forest fire\n#goodnight #flowers""",0,0
2020-09-06 19:30:52,18838060,OppPhotog,"b'@SenKamalaHarris I\xe2\x80\x99m in Colorado, and awoke to a layer of ash on my car from our forest fires. I\xe2\x80\x99m at least 60 miles from the nearest fire!'",1,0
2020-09-06 19:30:50,38596217,SpeedyVeez,b'@GavinNewsom why did you not close all National forest areas?Now trapped people in a raging fire. Jesus! https://t.co/HRbgL9lTU6',0,1
2020-09-06 19:29:39,92827418,petrusvandijk,b'Did u know #Canada has 10 year forest fire average of 3 million Hectares? https://t.co/FxfFUuzy8r Far more than now\xe2\x80\xa6 https://t.co/h56VPRoz3Z',0,2
2020-09-06 19:28:03,2730883631,luissanapacheco,b'More Than 200 People Rescued as California Wildfires Trap Campers in Sierra National Forest https://t.co/f0XM5YDI2L https://t.co/xAwWNJ5Bn8',0,0
2020-09-06 19:27:47,957859755975786496,FDIncidentsSB,"b'Eldorado Fire:\n2727 acres / 5% containment,  Most tankers were diverted to fire in San Diego. Mandatory evacuation\xe2\x80\xa6 https://t.co/txzVATvGXj'",1,2
2020-09-06 19:27:18,96783382,RockyNPS,"b'Due to Red Flag Warnings, critical fire weather conditions &amp; active fire behavior on Cameron Peak Fire, Trail Ridge\xe2\x80\xa6 https://t.co/nb5qlBFOvU'",23,76
2020-09-06 19:27:03,380125872,YourNewsTweet,b'More than 200 campers rescued by helicopter as Creek Fire blazes in California: What we know https://t.co/hd39FOMbtU',0,0
2020-09-06 19:23:56,31460123,gemaspice,b'Tis the season wait till this next song drops. Its like pouring gasoline on a forest fire',0,0
2020-09-06 19:23:51,235086193,SanBernardinoNF,"b'A full list of current #ElDoradoFire recreation closures is on InciWeb at https://t.co/GQgLVT8nlq\n\nAll visitors, re\xe2\x80\xa6 https://t.co/ZusF3JHHhL'",14,31
2020-09-06 19:22:25,1965717734,regibonn,"b""Open SmartNews to read 'Mojave Desert fire in August destroyed the heart of a beloved Joshua tree forest' here:\xe2\x80\xa6 https://t.co/m2CErcDsiM""",0,0
2020-09-06 19:21:42,898670577044430848,JimSandersCA,b'Helicopters rescue 200 trapped by fast-moving Creek Fire in Sierra National Forest https://t.co/6Bp2gPzD3m',0,3
2020-09-06 19:20:39,561394620,Hendricks_D,b'#SundayMorning    Mojave Desert fire in August destroyed the heart of a beloved Joshua tree forest   https://t.co/zglEuv4Ai0',0,0
2020-09-06 19:20:18,796377107148447744,katiedyd2,b'More than 200 campers rescued by helicopter as Creek Fire blazes in California: What we know https://t.co/zo7WH1FNIH via @usatoday',0,0
2020-09-06 19:19:59,898670577044430848,JimSandersCA,b'@TeahCartel Big fire started yesterday in Sierra national forest trapping some campers.  Injuring many!  No end to this horror!',0,1
2020-09-06 19:19:34,10660,reedmaniac,b'Boulder smells like forest fire again. yay\xe2\x80\xa6',0,0
2020-09-06 19:19:33,1282830639155359745,BOHICA07470940,b'@dbongino Run Forest (fire) run.',0,0
2020-09-06 19:19:25,58858480,vedatbayram,b'(CNN)Hundreds of people narrowly escaped a fast-moving California wildfire when rescue crews airlifted them to safe\xe2\x80\xa6 https://t.co/Vqejk9CtZ8',2,2
2020-09-06 19:18:34,1864102820,pinuslambertian,b'Mojave Desert fire in August destroyed the heart of a beloved Joshua tree forest   https://t.co/Ji6OFUXLZz Very sad\xe2\x80\xa6 https://t.co/LkrxDVVkyy',0,0
2020-09-06 19:18:20,15652947,kath2cats,b'Mojave Desert fire destroyed the heart of Joshua Tree forest - Los Angeles Times https://t.co/l6sTVNozCs',0,0
2020-09-06 19:18:00,30821435,AnnieMLeonard,b'CA public: @GavinNewsom HELP! We are on fire!! It\xe2\x80\x99s a climate emergency! Please help! Take action!\nGov Newsom: Go j\xe2\x80\xa6 https://t.co/mPtyVYn1Lz',5,10
2020-09-06 19:17:41,17379685,NBCLA,"b'Update: #ElDoradoFire now estimated at more than 3,000 acres with containment at 5 percent. https://t.co/N0OniIiNVq'",5,5
2020-09-06 19:17:22,49413044,BlueGreen625,b'Creek Fire in California traps over 200 campers in Sierra National Forest https://t.co/ApIag5ZP85',1,0
2020-09-06 19:17:11,863226142152683520,_Star_Fire_1,b'@nbcbayarea My heart just keeps breaking for California; not sure just how they can stop this cycle of ever more frightening forest fires.',0,10
2020-09-06 19:14:44,253129107,leftcoastlynne,b'Mojave Desert fire in August destroyed the heart of a beloved Joshua tree forest   https://t.co/SJq4Q71XMm',0,0
2020-09-06 19:13:07,17159989,jack_jackson,"b'@DouthatNYT First sentence of Chapter 3 of Robert A. Heinlein\'s \'The Puppet Masters\' says it all.""At the beginning\xe2\x80\xa6 https://t.co/DYfT47ZhXy'",0,0
2020-09-06 19:12:37,38596217,SpeedyVeez,b'Please pray Very serious!\xf0\x9f\x91\x87\xf0\x9f\x99\x8f\nHelicopters rescue 200 trapped by fast-moving Creek Fire in Sierra National Forest\xe2\x80\xa6 https://t.co/JX1u12rXeF',0,4
2020-09-06 19:11:56,1114880215153561600,nh_forest,b'(UPDATED FIRE DANGER FOR LABOR DAY 9/7/20) The predicted fire danger for 9/7 has been upgraded to Class 3 (HIGH). https://t.co/OBlHSWP5Qs',0,0
2020-09-06 19:07:43,1285357436891627520,jakylyn66,"b""Wow. Just walked outside and it's obvious that there is a forest fire. The smell of smoke is strong.""",0,0
2020-09-06 19:07:29,1171935633738059776,JoePoutous,b'#ClimateCrisis is real..\n\nMojave Desert fire in August destroyed the heart of a beloved Joshua tree forest   https://t.co/wr7k5mxLXu',1,1
2020-09-06 19:07:07,460582546,HeavenWatch55,b'More than 200 people airlifted from Mammoth Pools area as Creek Fire spreads in Sierra National Forest - KTLA Los A\xe2\x80\xa6 https://t.co/GmW4Ho2asC',0,0
2020-09-06 19:06:58,260055052,jculve,b'@FresnoSheriff @R5_Fire_News @FresnoCoFire My brother in law is hiking on foot about 10 miles from the Quartz Mount\xe2\x80\xa6 https://t.co/3OoDeyARvG',0,0
2020-09-06 19:06:38,791901679,LobbyHobby2,b'#Environmentalism and the #CaliforniaDesertProtectionAct doomed #joshuatree long before lightning struck - in memor\xe2\x80\xa6 https://t.co/Ap2lQHBHwD',0,0
2020-09-06 19:06:00,14885540,KQEDnews,"b'Fast-spreading wildfires sent people fleeing Saturday, with the Creek Fire trapping campers near Mammoth Pools in t\xe2\x80\xa6 https://t.co/wzGCw6mKAD'",7,8
2020-09-06 19:05:47,329688737,cbinflux,b'Mojave Desert fire destroyed the heart of Joshua Tree forest. DEEP BLUE INCOMPETENCE.  https://t.co/f0DWSXbYma',0,0
2020-09-06 19:05:13,15970784,anarcho,b'Mojave Desert fire in August destroyed the heart of a beloved Joshua tree forest   https://t.co/OLAmcWK6y2',0,1
2020-09-06 19:03:40,2505860568,NotFunnyIsaac,"b""I'm actually crying a little here. It absolutely breaks my heart how these beautiful landscapes that are so vital a\xe2\x80\xa6 https://t.co/Sp3x3Bchm6""",0,1
2020-09-06 19:01:31,1687168237,Bozo_Texino,b'Los Angeles Times: Mojave Desert fire destroyed the heart of Joshua Tree forest.\nhttps://t.co/tCj6XTo543\n\nvia @GoogleNews',0,0
2020-09-06 19:00:00,16568530,KTVN,"b'The Forest Service says the lightning-sparked Slink Fire is\xc2\xa020,795 acres and is 21% contained.\xc2\xa0\xc2\xa0 https://t.co/xYI3ZDvkI6'",0,5
2020-09-06 18:58:55,1568637066,mnonep,b'@jimmychimchim Oohh where are you rn? I love bullying chickens too LMAOOO I even tried throwing it in a fire but no\xe2\x80\xa6 https://t.co/mDMwIJpIAV',0,0
